2025-09-01 10:24:35 +0000  Initial pipeline context: <IDEDistributionProcessingPipelineContext: 0x3e759c250; archive(resolved)="<IDEArchive: 0x6000638f7f00>", distributionTask(resolved)="2", distributionDestination(resolved)="1", distributionMethod(resolved)="<IDEDistributionMethodDevelopmentSigned: 0x60000911a530>", team(resolved)="<IDEProvisioningDisambiguatableBasicTeam: 0x60000cbf8880; teamID='V5L22ZZ8D6', teamName='Mohammed Asimkhan', teamType='Individual', username='ilodelivery22@gmail.com', isFreeProvisioningTeam='0'>">
	Chain (15, self inclusive):
	<IDEDistributionProcessingPipelineContext: 0x3e759c250; archive = "<IDEArchive: 0x6000638f7f00>", distributionMethod="<IDEDistributionMethodDevelopmentSigned: 0x60000911a530>", team="<IDEProvisioningDisambiguatableBasicTeam: 0x60000cbf8880; teamID='V5L22ZZ8D6', teamName='Mohammed Asimkhan', teamType='Individual', username='ilodelivery22@gmail.com', isFreeProvisioningTeam='0'>">
	<IDEDistributionProcessingPipelineContext: 0x331bca200; archive = "<IDEArchive: 0x6000638f7f00>", distributionMethod="<IDEDistributionMethodDevelopmentSigned: 0x60000911a530>", team="<IDEProvisioningDisambiguatableBasicTeam: 0x60000cbf8880; teamID='V5L22ZZ8D6', teamName='Mohammed Asimkhan', teamType='Individual', username='ilodelivery22@gmail.com', isFreeProvisioningTeam='0'>">
	<IDEDistributionContext: 0x3e7fadeb0; archive = "<IDEArchive: 0x6000638f7f00>", distributionMethod="<IDEDistributionMethodDevelopmentSigned: 0x60000911a530>", team="<IDEProvisioningDisambiguatableBasicTeam: 0x60000cbf8880; teamID='V5L22ZZ8D6', teamName='Mohammed Asimkhan', teamType='Individual', username='ilodelivery22@gmail.com', isFreeProvisioningTeam='0'>">
	<IDEDistributionContext: 0x33e14ec60; archive = "<IDEArchive: 0x6000638f7f00>", distributionMethod="<IDEDistributionMethodDevelopmentSigned: 0x60000911a530>", team="<IDEProvisioningDisambiguatableBasicTeam: 0x60000cbf8880; teamID='V5L22ZZ8D6', teamName='Mohammed Asimkhan', teamType='Individual', username='ilodelivery22@gmail.com', isFreeProvisioningTeam='0'>">
	<IDEDistributionContext: 0x376b081d0; archive = "<IDEArchive: 0x6000638f7f00>", distributionMethod="<IDEDistributionMethodDevelopmentSigned: 0x60000911a530>", team="<IDEProvisioningDisambiguatableBasicTeam: 0x60000cbf8880; teamID='V5L22ZZ8D6', teamName='Mohammed Asimkhan', teamType='Individual', username='ilodelivery22@gmail.com', isFreeProvisioningTeam='0'>">
	<IDEDistributionContext: 0x376b8e550; archive = "<IDEArchive: 0x6000638f7f00>", distributionMethod="<IDEDistributionMethodDevelopmentSigned: 0x60000911a530>", team="<IDEProvisioningDisambiguatableBasicTeam: 0x60000cbf8880; teamID='V5L22ZZ8D6', teamName='Mohammed Asimkhan', teamType='Individual', username='ilodelivery22@gmail.com', isFreeProvisioningTeam='0'>">
	<IDEDistributionContext: 0x346f78990; archive = "<IDEArchive: 0x6000638f7f00>", distributionMethod="<IDEDistributionMethodDevelopmentSigned: 0x60000911a530>", team="<IDEProvisioningDisambiguatableBasicTeam: 0x60000cbf8880; teamID='V5L22ZZ8D6', teamName='Mohammed Asimkhan', teamType='Individual', username='ilodelivery22@gmail.com', isFreeProvisioningTeam='0'>">
	<IDEDistributionContext: 0x346f8bb10; archive = "<IDEArchive: 0x6000638f7f00>", distributionMethod="<IDEDistributionMethodDevelopmentSigned: 0x60000911a530>", team="<IDEProvisioningDisambiguatableBasicTeam: 0x60000cbf8880; teamID='V5L22ZZ8D6', teamName='Mohammed Asimkhan', teamType='Individual', username='ilodelivery22@gmail.com', isFreeProvisioningTeam='0'>">
	<IDEDistributionContext: 0x12b552d60; archive = "<IDEArchive: 0x6000638f7f00>", distributionMethod="<IDEDistributionMethodDevelopmentSigned: 0x60000911a530>", team="<IDEProvisioningDisambiguatableBasicTeam: 0x60000cbf8880; teamID='V5L22ZZ8D6', teamName='Mohammed Asimkhan', teamType='Individual', username='ilodelivery22@gmail.com', isFreeProvisioningTeam='0'>">
	<IDEDistributionContext: 0x346fed810; archive = "<IDEArchive: 0x6000638f7f00>", distributionMethod="<IDEDistributionMethodDevelopmentSigned: 0x60000911a530>", team="(null)">
	<IDEDistributionContext: 0x346f38510; archive = "<IDEArchive: 0x6000638f7f00>", distributionMethod="<IDEDistributionMethodDevelopmentSigned: 0x60000911a530>", team="(null)">
	<IDEDistributionContext: 0x334e69280; archive = "<IDEArchive: 0x6000638f7f00>", distributionMethod="<IDEDistributionMethodDevelopmentSigned: 0x60000911a530>", team="(null)">
	<IDEDistributionContext: 0x32990eda0; archive = "<IDEArchive: 0x6000638f7f00>", distributionMethod="<IDEDistributionMethodDevelopmentSigned: 0x60000911a530>", team="(null)">
	<IDEDistributionContext: 0x31344f7c0; archive = "<IDEArchive: 0x6000638f7f00>", distributionMethod="(null)", team="(null)">
	<IDEDistributionContext: 0x361dd7330; archive = "<IDEArchive: 0x6000638f7f00>", distributionMethod="(null)", team="(null)">
</IDEDistributionProcessingPipelineContext: 0x3e759c250>
2025-09-01 10:24:35 +0000  Processing step: IDEDistributionCreateDestRootStep
2025-09-01 10:24:35 +0000  Processing step: IDEDistributionCopyItemStep
2025-09-01 10:24:35 +0000  Running /usr/bin/ditto '-V' '/Users/gtech/Library/Developer/Xcode/Archives/2025-09-01/Ilo 01-09-25, 3.54 PM.xcarchive/Products/Applications/Ilo.app' '/var/folders/x9/dp7v3cfx17dbzl_tj532j2_c0000gn/T/XcodeDistPipeline.~~~BogpYd/Root/Payload/Ilo.app'
2025-09-01 10:24:35 +0000  >>> Copying /Users/gtech/Library/Developer/Xcode/Archives/2025-09-01/Ilo 01-09-25, 3.54 PM.xcarchive/Products/Applications/Ilo.app 
2025-09-01 10:24:35 +0000  copying file ./_CodeSignature/CodeResources ... 
2025-09-01 10:24:35 +0000  117370 bytes for ./_CodeSignature/CodeResources
2025-09-01 10:24:35 +0000  copying file ./Fontisto.ttf ... 
2025-09-01 10:24:35 +0000  313528 bytes for ./Fontisto.ttf
2025-09-01 10:24:35 +0000  copying file ./Octicons.ttf ... 
2025-09-01 10:24:35 +0000  49404 bytes for ./Octicons.ttf
2025-09-01 10:24:35 +0000  copying file ./Feather.ttf ... 
2025-09-01 10:24:35 +0000  56228 bytes for ./Feather.ttf
2025-09-01 10:24:35 +0000  copying file ./FirebaseCore_Privacy.bundle/PrivacyInfo.xcprivacy ... 
2025-09-01 10:24:35 +0000  855 bytes for ./FirebaseCore_Privacy.bundle/PrivacyInfo.xcprivacy
2025-09-01 10:24:35 +0000  copying file ./FirebaseCore_Privacy.bundle/Info.plist ... 
2025-09-01 10:24:35 +0000  791 bytes for ./FirebaseCore_Privacy.bundle/Info.plist
2025-09-01 10:24:35 +0000  copying file ./Entypo.ttf ... 
2025-09-01 10:24:35 +0000  66200 bytes for ./Entypo.ttf
2025-09-01 10:24:35 +0000  copying file ./LottiePrivacyInfo.bundle/PrivacyInfo.xcprivacy ... 
2025-09-01 10:24:35 +0000  599 bytes for ./LottiePrivacyInfo.bundle/PrivacyInfo.xcprivacy
2025-09-01 10:24:35 +0000  copying file ./LottiePrivacyInfo.bundle/Info.plist ... 
2025-09-01 10:24:35 +0000  783 bytes for ./LottiePrivacyInfo.bundle/Info.plist
2025-09-01 10:24:35 +0000  copying file ./FontAwesome5_Brands.ttf ... 
2025-09-01 10:24:35 +0000  134040 bytes for ./FontAwesome5_Brands.ttf
2025-09-01 10:24:35 +0000  copying file ./MaterialCommunityIcons.ttf ... 
2025-09-01 10:24:35 +0000  1147844 bytes for ./MaterialCommunityIcons.ttf
2025-09-01 10:24:35 +0000  copying file ./FBLPromises_Privacy.bundle/PrivacyInfo.xcprivacy ... 
2025-09-01 10:24:35 +0000  373 bytes for ./FBLPromises_Privacy.bundle/PrivacyInfo.xcprivacy
2025-09-01 10:24:35 +0000  copying file ./FBLPromises_Privacy.bundle/Info.plist ... 
2025-09-01 10:24:35 +0000  787 bytes for ./FBLPromises_Privacy.bundle/Info.plist
2025-09-01 10:24:35 +0000  copying file ./PlugIns/OneSignalNotificationServiceExtension.appex/_CodeSignature/CodeResources ... 
2025-09-01 10:24:35 +0000  5368 bytes for ./PlugIns/OneSignalNotificationServiceExtension.appex/_CodeSignature/CodeResources
2025-09-01 10:24:35 +0000  copying file ./PlugIns/OneSignalNotificationServiceExtension.appex/FirebaseCore_Privacy.bundle/PrivacyInfo.xcprivacy ... 
2025-09-01 10:24:35 +0000  855 bytes for ./PlugIns/OneSignalNotificationServiceExtension.appex/FirebaseCore_Privacy.bundle/PrivacyInfo.xcprivacy
2025-09-01 10:24:35 +0000  copying file ./PlugIns/OneSignalNotificationServiceExtension.appex/FirebaseCore_Privacy.bundle/Info.plist ... 
2025-09-01 10:24:35 +0000  791 bytes for ./PlugIns/OneSignalNotificationServiceExtension.appex/FirebaseCore_Privacy.bundle/Info.plist
2025-09-01 10:24:35 +0000  copying file ./PlugIns/OneSignalNotificationServiceExtension.appex/FBLPromises_Privacy.bundle/PrivacyInfo.xcprivacy ... 
2025-09-01 10:24:35 +0000  373 bytes for ./PlugIns/OneSignalNotificationServiceExtension.appex/FBLPromises_Privacy.bundle/PrivacyInfo.xcprivacy
2025-09-01 10:24:35 +0000  copying file ./PlugIns/OneSignalNotificationServiceExtension.appex/FBLPromises_Privacy.bundle/Info.plist ... 
2025-09-01 10:24:35 +0000  787 bytes for ./PlugIns/OneSignalNotificationServiceExtension.appex/FBLPromises_Privacy.bundle/Info.plist
2025-09-01 10:24:35 +0000  copying file ./PlugIns/OneSignalNotificationServiceExtension.appex/FirebaseCoreInternal_Privacy.bundle/PrivacyInfo.xcprivacy ... 
2025-09-01 10:24:35 +0000  855 bytes for ./PlugIns/OneSignalNotificationServiceExtension.appex/FirebaseCoreInternal_Privacy.bundle/PrivacyInfo.xcprivacy
2025-09-01 10:24:35 +0000  copying file ./PlugIns/OneSignalNotificationServiceExtension.appex/FirebaseCoreInternal_Privacy.bundle/Info.plist ... 
2025-09-01 10:24:35 +0000  807 bytes for ./PlugIns/OneSignalNotificationServiceExtension.appex/FirebaseCoreInternal_Privacy.bundle/Info.plist
2025-09-01 10:24:35 +0000  copying file ./PlugIns/OneSignalNotificationServiceExtension.appex/OneSignalNotificationServiceExtension ... 
2025-09-01 10:24:35 +0000  1837920 bytes for ./PlugIns/OneSignalNotificationServiceExtension.appex/OneSignalNotificationServiceExtension
2025-09-01 10:24:35 +0000  copying file ./PlugIns/OneSignalNotificationServiceExtension.appex/nanopb_Privacy.bundle/PrivacyInfo.xcprivacy ... 
2025-09-01 10:24:35 +0000  374 bytes for ./PlugIns/OneSignalNotificationServiceExtension.appex/nanopb_Privacy.bundle/PrivacyInfo.xcprivacy
2025-09-01 10:24:35 +0000  copying file ./PlugIns/OneSignalNotificationServiceExtension.appex/nanopb_Privacy.bundle/Info.plist ... 
2025-09-01 10:24:35 +0000  779 bytes for ./PlugIns/OneSignalNotificationServiceExtension.appex/nanopb_Privacy.bundle/Info.plist
2025-09-01 10:24:35 +0000  copying file ./PlugIns/OneSignalNotificationServiceExtension.appex/FirebaseInstallations_Privacy.bundle/PrivacyInfo.xcprivacy ... 
2025-09-01 10:24:35 +0000  1105 bytes for ./PlugIns/OneSignalNotificationServiceExtension.appex/FirebaseInstallations_Privacy.bundle/PrivacyInfo.xcprivacy
2025-09-01 10:24:35 +0000  copying file ./PlugIns/OneSignalNotificationServiceExtension.appex/FirebaseInstallations_Privacy.bundle/Info.plist ... 
2025-09-01 10:24:35 +0000  809 bytes for ./PlugIns/OneSignalNotificationServiceExtension.appex/FirebaseInstallations_Privacy.bundle/Info.plist
2025-09-01 10:24:35 +0000  copying file ./PlugIns/OneSignalNotificationServiceExtension.appex/GoogleUtilities_Privacy.bundle/PrivacyInfo.xcprivacy ... 
2025-09-01 10:24:35 +0000  1289 bytes for ./PlugIns/OneSignalNotificationServiceExtension.appex/GoogleUtilities_Privacy.bundle/PrivacyInfo.xcprivacy
2025-09-01 10:24:35 +0000  copying file ./PlugIns/OneSignalNotificationServiceExtension.appex/GoogleUtilities_Privacy.bundle/Info.plist ... 
2025-09-01 10:24:35 +0000  796 bytes for ./PlugIns/OneSignalNotificationServiceExtension.appex/GoogleUtilities_Privacy.bundle/Info.plist
2025-09-01 10:24:35 +0000  copying file ./PlugIns/OneSignalNotificationServiceExtension.appex/embedded.mobileprovision ... 
2025-09-01 10:24:35 +0000  15605 bytes for ./PlugIns/OneSignalNotificationServiceExtension.appex/embedded.mobileprovision
2025-09-01 10:24:35 +0000  copying file ./PlugIns/OneSignalNotificationServiceExtension.appex/Info.plist ... 
2025-09-01 10:24:35 +0000  1025 bytes for ./PlugIns/OneSignalNotificationServiceExtension.appex/Info.plist
2025-09-01 10:24:35 +0000  copying file ./AntDesign.ttf ... 
2025-09-01 10:24:35 +0000  70344 bytes for ./AntDesign.ttf
2025-09-01 10:24:35 +0000  copying file ./Lottie_React_Native_Privacy.bundle/PrivacyInfo.xcprivacy ... 
2025-09-01 10:24:35 +0000  373 bytes for ./Lottie_React_Native_Privacy.bundle/PrivacyInfo.xcprivacy
2025-09-01 10:24:35 +0000  copying file ./Lottie_React_Native_Privacy.bundle/Info.plist ... 
2025-09-01 10:24:35 +0000  803 bytes for ./Lottie_React_Native_Privacy.bundle/Info.plist
2025-09-01 10:24:35 +0000  copying file ./Foundation.ttf ... 
2025-09-01 10:24:35 +0000  56976 bytes for ./Foundation.ttf
2025-09-01 10:24:35 +0000  copying file ./Ionicons.ttf ... 
2025-09-01 10:24:35 +0000  247192 bytes for ./Ionicons.ttf
2025-09-01 10:24:35 +0000  copying file ./FontAwesome5_Solid.ttf ... 
2025-09-01 10:24:35 +0000  202744 bytes for ./FontAwesome5_Solid.ttf
2025-09-01 10:24:35 +0000  copying file ./Ilo ... 
2025-09-01 10:24:35 +0000  8777504 bytes for ./Ilo
2025-09-01 10:24:35 +0000  copying file ./FirebaseCoreInternal_Privacy.bundle/PrivacyInfo.xcprivacy ... 
2025-09-01 10:24:35 +0000  855 bytes for ./FirebaseCoreInternal_Privacy.bundle/PrivacyInfo.xcprivacy
2025-09-01 10:24:35 +0000  copying file ./FirebaseCoreInternal_Privacy.bundle/Info.plist ... 
2025-09-01 10:24:35 +0000  807 bytes for ./FirebaseCoreInternal_Privacy.bundle/Info.plist
2025-09-01 10:24:35 +0000  copying file ./GoogleDataTransport_Privacy.bundle/PrivacyInfo.xcprivacy ... 
2025-09-01 10:24:35 +0000  1105 bytes for ./GoogleDataTransport_Privacy.bundle/PrivacyInfo.xcprivacy
2025-09-01 10:24:35 +0000  copying file ./GoogleDataTransport_Privacy.bundle/Info.plist ... 
2025-09-01 10:24:35 +0000  803 bytes for ./GoogleDataTransport_Privacy.bundle/Info.plist
2025-09-01 10:24:35 +0000  copying file ./FontAwesome5_Regular.ttf ... 
2025-09-01 10:24:35 +0000  33736 bytes for ./FontAwesome5_Regular.ttf
2025-09-01 10:24:35 +0000  copying file ./RNDeviceInfoPrivacyInfo.bundle/PrivacyInfo.xcprivacy ... 
2025-09-01 10:24:35 +0000  1159 bytes for ./RNDeviceInfoPrivacyInfo.bundle/PrivacyInfo.xcprivacy
2025-09-01 10:24:35 +0000  copying file ./RNDeviceInfoPrivacyInfo.bundle/Info.plist ... 
2025-09-01 10:24:35 +0000  797 bytes for ./RNDeviceInfoPrivacyInfo.bundle/Info.plist
2025-09-01 10:24:35 +0000  copying file ./nanopb_Privacy.bundle/PrivacyInfo.xcprivacy ... 
2025-09-01 10:24:35 +0000  374 bytes for ./nanopb_Privacy.bundle/PrivacyInfo.xcprivacy
2025-09-01 10:24:35 +0000  copying file ./nanopb_Privacy.bundle/Info.plist ... 
2025-09-01 10:24:35 +0000  779 bytes for ./nanopb_Privacy.bundle/Info.plist
2025-09-01 10:24:35 +0000  copying file ./FirebaseMessaging_Privacy.bundle/PrivacyInfo.xcprivacy ... 
2025-09-01 10:24:35 +0000  2357 bytes for ./FirebaseMessaging_Privacy.bundle/PrivacyInfo.xcprivacy
2025-09-01 10:24:35 +0000  copying file ./FirebaseMessaging_Privacy.bundle/Info.plist ... 
2025-09-01 10:24:35 +0000  801 bytes for ./FirebaseMessaging_Privacy.bundle/Info.plist
2025-09-01 10:24:35 +0000  copying file ./AccessibilityResources.bundle/en.lproj/Localizable.strings ... 
2025-09-01 10:24:35 +0000  518 bytes for ./AccessibilityResources.bundle/en.lproj/Localizable.strings
2025-09-01 10:24:35 +0000  copying file ./AccessibilityResources.bundle/Info.plist ... 
2025-09-01 10:24:35 +0000  795 bytes for ./AccessibilityResources.bundle/Info.plist
2025-09-01 10:24:35 +0000  copying file ./GoogleService-Info.plist ... 
2025-09-01 10:24:35 +0000  751 bytes for ./GoogleService-Info.plist
2025-09-01 10:24:35 +0000  copying file ./FirebaseCoreExtension_Privacy.bundle/PrivacyInfo.xcprivacy ... 
2025-09-01 10:24:35 +0000  478 bytes for ./FirebaseCoreExtension_Privacy.bundle/PrivacyInfo.xcprivacy
2025-09-01 10:24:35 +0000  copying file ./FirebaseCoreExtension_Privacy.bundle/Info.plist ... 
2025-09-01 10:24:35 +0000  809 bytes for ./FirebaseCoreExtension_Privacy.bundle/Info.plist
2025-09-01 10:24:35 +0000  copying file ./FontAwesome.ttf ... 
2025-09-01 10:24:35 +0000  165548 bytes for ./FontAwesome.ttf
2025-09-01 10:24:35 +0000  copying file ./Zocial.ttf ... 
2025-09-01 10:24:35 +0000  25788 bytes for ./Zocial.ttf
2025-09-01 10:24:35 +0000  copying file ./Assets.car ... 
2025-09-01 10:24:35 +0000  241791 bytes for ./Assets.car
2025-09-01 10:24:35 +0000  copying file ./EvilIcons.ttf ... 
2025-09-01 10:24:35 +0000  13456 bytes for ./EvilIcons.ttf
2025-09-01 10:24:35 +0000  copying file ./FirebaseInstallations_Privacy.bundle/PrivacyInfo.xcprivacy ... 
2025-09-01 10:24:35 +0000  1105 bytes for ./FirebaseInstallations_Privacy.bundle/PrivacyInfo.xcprivacy
2025-09-01 10:24:35 +0000  copying file ./FirebaseInstallations_Privacy.bundle/Info.plist ... 
2025-09-01 10:24:35 +0000  809 bytes for ./FirebaseInstallations_Privacy.bundle/Info.plist
2025-09-01 10:24:35 +0000  copying file ./GoogleUtilities_Privacy.bundle/PrivacyInfo.xcprivacy ... 
2025-09-01 10:24:35 +0000  1289 bytes for ./GoogleUtilities_Privacy.bundle/PrivacyInfo.xcprivacy
2025-09-01 10:24:35 +0000  copying file ./GoogleUtilities_Privacy.bundle/Info.plist ... 
2025-09-01 10:24:35 +0000  796 bytes for ./GoogleUtilities_Privacy.bundle/Info.plist
2025-09-01 10:24:35 +0000  copying file ./main.jsbundle ... 
2025-09-01 10:24:35 +0000  6135584 bytes for ./main.jsbundle
2025-09-01 10:24:35 +0000  copying file ./PrivacyInfo.xcprivacy ... 
1283 bytes for ./PrivacyInfo.xcprivacy
2025-09-01 10:24:35 +0000  copying file ./LaunchScreen.storyboardc/Info.plist ... 
2025-09-01 10:24:35 +0000  115 bytes for ./LaunchScreen.storyboardc/Info.plist
2025-09-01 10:24:35 +0000  copying file ./ReactNativeMapsPrivacy.bundle/PrivacyInfo.xcprivacy ... 
2025-09-01 10:24:35 +0000  1209 bytes for ./ReactNativeMapsPrivacy.bundle/PrivacyInfo.xcprivacy
2025-09-01 10:24:35 +0000  copying file ./ReactNativeMapsPrivacy.bundle/Info.plist ... 
2025-09-01 10:24:35 +0000  794 bytes for ./ReactNativeMapsPrivacy.bundle/Info.plist
2025-09-01 10:24:35 +0000  copying file ./Frameworks/Razorpay.framework/_CodeSignature/CodeResources ... 
2025-09-01 10:24:35 +0000  10344 bytes for ./Frameworks/Razorpay.framework/_CodeSignature/CodeResources
2025-09-01 10:24:35 +0000  copying file ./Frameworks/Razorpay.framework/Hash.txt ... 
2025-09-01 10:24:35 +0000  32 bytes for ./Frameworks/Razorpay.framework/Hash.txt
2025-09-01 10:24:35 +0000  copying file ./Frameworks/Razorpay.framework/EncryptedOtpelf.js ... 
2025-09-01 10:24:35 +0000  88512 bytes for ./Frameworks/Razorpay.framework/EncryptedOtpelf.js
2025-09-01 10:24:35 +0000  copying file ./Frameworks/Razorpay.framework/Assets.car ... 
2025-09-01 10:24:35 +0000  150735 bytes for ./Frameworks/Razorpay.framework/Assets.car
2025-09-01 10:24:35 +0000  copying file ./Frameworks/Razorpay.framework/PrivacyInfo.xcprivacy ... 
2025-09-01 10:24:35 +0000  6761 bytes for ./Frameworks/Razorpay.framework/PrivacyInfo.xcprivacy
2025-09-01 10:24:35 +0000  copying file ./Frameworks/Razorpay.framework/Checkout.storyboardc/UINavigationController-ODs-ga-9IN.nib/objects-11.0+.nib ... 
2025-09-01 10:24:35 +0000  2386 bytes for ./Frameworks/Razorpay.framework/Checkout.storyboardc/UINavigationController-ODs-ga-9IN.nib/objects-11.0+.nib
2025-09-01 10:24:35 +0000  copying file ./Frameworks/Razorpay.framework/Checkout.storyboardc/UINavigationController-ODs-ga-9IN.nib/runtime.nib ... 
2025-09-01 10:24:35 +0000  2386 bytes for ./Frameworks/Razorpay.framework/Checkout.storyboardc/UINavigationController-ODs-ga-9IN.nib/runtime.nib
2025-09-01 10:24:35 +0000  copying file ./Frameworks/Razorpay.framework/Checkout.storyboardc/OpinionatedAlertVC.nib/objects-11.0+.nib ... 
2025-09-01 10:24:35 +0000  1057 bytes for ./Frameworks/Razorpay.framework/Checkout.storyboardc/OpinionatedAlertVC.nib/objects-11.0+.nib
2025-09-01 10:24:35 +0000  copying file ./Frameworks/Razorpay.framework/Checkout.storyboardc/OpinionatedAlertVC.nib/runtime.nib ... 
2025-09-01 10:24:35 +0000  1057 bytes for ./Frameworks/Razorpay.framework/Checkout.storyboardc/OpinionatedAlertVC.nib/runtime.nib
2025-09-01 10:24:35 +0000  copying file ./Frameworks/Razorpay.framework/Checkout.storyboardc/RazorpayCheckoutVC.nib/objects-11.0+.nib ... 
2025-09-01 10:24:35 +0000  1443 bytes for ./Frameworks/Razorpay.framework/Checkout.storyboardc/RazorpayCheckoutVC.nib/objects-11.0+.nib
2025-09-01 10:24:35 +0000  copying file ./Frameworks/Razorpay.framework/Checkout.storyboardc/RazorpayCheckoutVC.nib/runtime.nib ... 
2025-09-01 10:24:35 +0000  1443 bytes for ./Frameworks/Razorpay.framework/Checkout.storyboardc/RazorpayCheckoutVC.nib/runtime.nib
2025-09-01 10:24:35 +0000  copying file ./Frameworks/Razorpay.framework/Checkout.storyboardc/QhR-ml-Zo4-view-36U-4g-R9b.nib/objects-11.0+.nib ... 
2025-09-01 10:24:35 +0000  13888 bytes for ./Frameworks/Razorpay.framework/Checkout.storyboardc/QhR-ml-Zo4-view-36U-4g-R9b.nib/objects-11.0+.nib
2025-09-01 10:24:35 +0000  copying file ./Frameworks/Razorpay.framework/Checkout.storyboardc/QhR-ml-Zo4-view-36U-4g-R9b.nib/runtime.nib ... 
2025-09-01 10:24:35 +0000  14092 bytes for ./Frameworks/Razorpay.framework/Checkout.storyboardc/QhR-ml-Zo4-view-36U-4g-R9b.nib/runtime.nib
2025-09-01 10:24:35 +0000  copying file ./Frameworks/Razorpay.framework/Checkout.storyboardc/MagicXNavController.nib/objects-11.0+.nib ... 
2025-09-01 10:24:35 +0000  2026 bytes for ./Frameworks/Razorpay.framework/Checkout.storyboardc/MagicXNavController.nib/objects-11.0+.nib
2025-09-01 10:24:35 +0000  copying file ./Frameworks/Razorpay.framework/Checkout.storyboardc/MagicXNavController.nib/runtime.nib ... 
2025-09-01 10:24:35 +0000  2026 bytes for ./Frameworks/Razorpay.framework/Checkout.storyboardc/MagicXNavController.nib/runtime.nib
2025-09-01 10:24:35 +0000  copying file ./Frameworks/Razorpay.framework/Checkout.storyboardc/ytB-xX-zk3-view-vP9-Lh-TPB.nib/objects-11.0+.nib ... 
2025-09-01 10:24:35 +0000  1775 bytes for ./Frameworks/Razorpay.framework/Checkout.storyboardc/ytB-xX-zk3-view-vP9-Lh-TPB.nib/objects-11.0+.nib
2025-09-01 10:24:35 +0000  copying file ./Frameworks/Razorpay.framework/Checkout.storyboardc/ytB-xX-zk3-view-vP9-Lh-TPB.nib/runtime.nib ... 
2025-09-01 10:24:35 +0000  2600 bytes for ./Frameworks/Razorpay.framework/Checkout.storyboardc/ytB-xX-zk3-view-vP9-Lh-TPB.nib/runtime.nib
2025-09-01 10:24:35 +0000  copying file ./Frameworks/Razorpay.framework/Checkout.storyboardc/RazorpayMagicxVC.nib/objects-11.0+.nib ... 
2025-09-01 10:24:35 +0000  1371 bytes for ./Frameworks/Razorpay.framework/Checkout.storyboardc/RazorpayMagicxVC.nib/objects-11.0+.nib
2025-09-01 10:24:35 +0000  copying file ./Frameworks/Razorpay.framework/Checkout.storyboardc/RazorpayMagicxVC.nib/runtime.nib ... 
2025-09-01 10:24:35 +0000  1371 bytes for ./Frameworks/Razorpay.framework/Checkout.storyboardc/RazorpayMagicxVC.nib/runtime.nib
2025-09-01 10:24:35 +0000  copying file ./Frameworks/Razorpay.framework/Checkout.storyboardc/RBq-mH-fUs-view-vI7-59-shd.nib/objects-11.0+.nib ... 
2025-09-01 10:24:35 +0000  2694 bytes for ./Frameworks/Razorpay.framework/Checkout.storyboardc/RBq-mH-fUs-view-vI7-59-shd.nib/objects-11.0+.nib
2025-09-01 10:24:35 +0000  copying file ./Frameworks/Razorpay.framework/Checkout.storyboardc/RBq-mH-fUs-view-vI7-59-shd.nib/runtime.nib ... 
2025-09-01 10:24:35 +0000  2811 bytes for ./Frameworks/Razorpay.framework/Checkout.storyboardc/RBq-mH-fUs-view-vI7-59-shd.nib/runtime.nib
2025-09-01 10:24:35 +0000  copying file ./Frameworks/Razorpay.framework/Checkout.storyboardc/Info.plist ... 
2025-09-01 10:24:35 +0000  475 bytes for ./Frameworks/Razorpay.framework/Checkout.storyboardc/Info.plist
2025-09-01 10:24:35 +0000  copying file ./Frameworks/Razorpay.framework/Razorpay ... 
2025-09-01 10:24:35 +0000  1114544 bytes for ./Frameworks/Razorpay.framework/Razorpay
2025-09-01 10:24:35 +0000  copying file ./Frameworks/Razorpay.framework/CommonAssets/warning.png ... 
2025-09-01 10:24:35 +0000  496 bytes for ./Frameworks/Razorpay.framework/CommonAssets/warning.png
2025-09-01 10:24:35 +0000  copying file ./Frameworks/Razorpay.framework/CommonAssets/check_mark.png ... 
2025-09-01 10:24:35 +0000  649 bytes for ./Frameworks/Razorpay.framework/CommonAssets/check_mark.png
2025-09-01 10:24:35 +0000  copying file ./Frameworks/Razorpay.framework/CommonAssets/Razorpay_Logo.png ... 
2025-09-01 10:24:35 +0000  75526 bytes for ./Frameworks/Razorpay.framework/CommonAssets/Razorpay_Logo.png
2025-09-01 10:24:35 +0000  copying file ./Frameworks/Razorpay.framework/Info.plist ... 
2025-09-01 10:24:35 +0000  762 bytes for ./Frameworks/Razorpay.framework/Info.plist
2025-09-01 10:24:35 +0000  copying file ./Frameworks/OneSignal.framework/_CodeSignature/CodeResources ... 
2025-09-01 10:24:35 +0000  2034 bytes for ./Frameworks/OneSignal.framework/_CodeSignature/CodeResources
2025-09-01 10:24:35 +0000  copying file ./Frameworks/OneSignal.framework/OneSignal ... 
2025-09-01 10:24:35 +0000  813712 bytes for ./Frameworks/OneSignal.framework/OneSignal
2025-09-01 10:24:35 +0000  copying file ./Frameworks/OneSignal.framework/PrivacyInfo.xcprivacy ... 
2025-09-01 10:24:35 +0000  2450 bytes for ./Frameworks/OneSignal.framework/PrivacyInfo.xcprivacy
2025-09-01 10:24:35 +0000  copying file ./Frameworks/OneSignal.framework/Info.plist ... 
2025-09-01 10:24:35 +0000  762 bytes for ./Frameworks/OneSignal.framework/Info.plist
2025-09-01 10:24:35 +0000  copying file ./Frameworks/libswift_Concurrency.dylib ... 
2025-09-01 10:24:35 +0000  557584 bytes for ./Frameworks/libswift_Concurrency.dylib
2025-09-01 10:24:35 +0000  copying file ./Frameworks/OneSignalExtension.framework/_CodeSignature/CodeResources ... 
2025-09-01 10:24:35 +0000  2034 bytes for ./Frameworks/OneSignalExtension.framework/_CodeSignature/CodeResources
2025-09-01 10:24:35 +0000  copying file ./Frameworks/OneSignalExtension.framework/PrivacyInfo.xcprivacy ... 
2025-09-01 10:24:35 +0000  1316 bytes for ./Frameworks/OneSignalExtension.framework/PrivacyInfo.xcprivacy
2025-09-01 10:24:35 +0000  copying file ./Frameworks/OneSignalExtension.framework/OneSignalExtension ... 
2025-09-01 10:24:35 +0000  111280 bytes for ./Frameworks/OneSignalExtension.framework/OneSignalExtension
2025-09-01 10:24:35 +0000  copying file ./Frameworks/OneSignalExtension.framework/Info.plist ... 
2025-09-01 10:24:35 +0000  774 bytes for ./Frameworks/OneSignalExtension.framework/Info.plist
2025-09-01 10:24:35 +0000  copying file ./Frameworks/OneSignalCore.framework/_CodeSignature/CodeResources ... 
2025-09-01 10:24:35 +0000  2034 bytes for ./Frameworks/OneSignalCore.framework/_CodeSignature/CodeResources
2025-09-01 10:24:35 +0000  copying file ./Frameworks/OneSignalCore.framework/PrivacyInfo.xcprivacy ... 
2025-09-01 10:24:35 +0000  551 bytes for ./Frameworks/OneSignalCore.framework/PrivacyInfo.xcprivacy
2025-09-01 10:24:35 +0000  copying file ./Frameworks/OneSignalCore.framework/Info.plist ... 
2025-09-01 10:24:35 +0000  762 bytes for ./Frameworks/OneSignalCore.framework/Info.plist
2025-09-01 10:24:35 +0000  copying file ./Frameworks/OneSignalCore.framework/OneSignalCore ... 
2025-09-01 10:24:35 +0000  198736 bytes for ./Frameworks/OneSignalCore.framework/OneSignalCore
2025-09-01 10:24:35 +0000  copying file ./Frameworks/OneSignalOutcomes.framework/_CodeSignature/CodeResources ... 
2025-09-01 10:24:35 +0000  2034 bytes for ./Frameworks/OneSignalOutcomes.framework/_CodeSignature/CodeResources
2025-09-01 10:24:35 +0000  copying file ./Frameworks/OneSignalOutcomes.framework/PrivacyInfo.xcprivacy ... 
2025-09-01 10:24:35 +0000  941 bytes for ./Frameworks/OneSignalOutcomes.framework/PrivacyInfo.xcprivacy
2025-09-01 10:24:35 +0000  copying file ./Frameworks/OneSignalOutcomes.framework/Info.plist ... 
2025-09-01 10:24:35 +0000  772 bytes for ./Frameworks/OneSignalOutcomes.framework/Info.plist
2025-09-01 10:24:35 +0000  copying file ./Frameworks/OneSignalOutcomes.framework/OneSignalOutcomes ... 
2025-09-01 10:24:35 +0000  180528 bytes for ./Frameworks/OneSignalOutcomes.framework/OneSignalOutcomes
2025-09-01 10:24:35 +0000  copying file ./SimpleLineIcons.ttf ... 
2025-09-01 10:24:35 +0000  54056 bytes for ./SimpleLineIcons.ttf
2025-09-01 10:24:35 +0000  copying file ./embedded.mobileprovision ... 
2025-09-01 10:24:35 +0000  15897 bytes for ./embedded.mobileprovision
2025-09-01 10:24:35 +0000  copying file ./assets/swiggy_clone/assets/temp/pickup.png ... 
2025-09-01 10:24:35 +0000  6446 bytes for ./assets/swiggy_clone/assets/temp/pickup.png
2025-09-01 10:24:35 +0000  copying file ./assets/swiggy_clone/assets/temp/banner1.png ... 
2025-09-01 10:24:35 +0000  443994 bytes for ./assets/swiggy_clone/assets/temp/banner1.png
2025-09-01 10:24:35 +0000  copying file ./assets/swiggy_clone/assets/temp/medicine.png ... 
2025-09-01 10:24:35 +0000  6851 bytes for ./assets/swiggy_clone/assets/temp/medicine.png
2025-09-01 10:24:35 +0000  copying file ./assets/swiggy_clone/assets/temp/coupon1.png ... 
2025-09-01 10:24:35 +0000  14300 bytes for ./assets/swiggy_clone/assets/temp/coupon1.png
2025-09-01 10:24:35 +0000  copying file ./assets/swiggy_clone/assets/temp/apple_temp.png ... 
2025-09-01 10:24:35 +0000  217601 bytes for ./assets/swiggy_clone/assets/temp/apple_temp.png
2025-09-01 10:24:35 +0000  copying file ./assets/swiggy_clone/assets/temp/coupon2.png ... 
2025-09-01 10:24:35 +0000  14992 bytes for ./assets/swiggy_clone/assets/temp/coupon2.png
2025-09-01 10:24:35 +0000  copying file ./assets/swiggy_clone/assets/temp/food.png ... 
2025-09-01 10:24:35 +0000  6981 bytes for ./assets/swiggy_clone/assets/temp/food.png
2025-09-01 10:24:35 +0000  copying file ./assets/swiggy_clone/assets/temp/react.png ... 
2025-09-01 10:24:35 +0000  61088 bytes for ./assets/swiggy_clone/assets/temp/react.png
2025-09-01 10:24:35 +0000  copying file ./assets/swiggy_clone/assets/temp/combo1.png ... 
2025-09-01 10:24:35 +0000  151468 bytes for ./assets/swiggy_clone/assets/temp/combo1.png
2025-09-01 10:24:35 +0000  copying file ./assets/swiggy_clone/assets/temp/offer1.png ... 
2025-09-01 10:24:35 +0000  19990 bytes for ./assets/swiggy_clone/assets/temp/offer1.png
2025-09-01 10:24:35 +0000  copying file ./assets/swiggy_clone/assets/temp/offer2.png ... 
2025-09-01 10:24:35 +0000  154907 bytes for ./assets/swiggy_clone/assets/temp/offer2.png
2025-09-01 10:24:35 +0000  copying file ./assets/swiggy_clone/assets/images/nearby_res.png ... 
2025-09-01 10:24:35 +0000  2962 bytes for ./assets/swiggy_clone/assets/images/nearby_res.png
2025-09-01 10:24:35 +0000  copying file ./assets/swiggy_clone/assets/images/Auto.png ... 
2025-09-01 10:24:35 +0000  60694 bytes for ./assets/swiggy_clone/assets/images/Auto.png
2025-09-01 10:24:35 +0000  copying file ./assets/swiggy_clone/assets/images/PlaceholderLogo.png ... 
2025-09-01 10:24:35 +0000  22559 bytes for ./assets/swiggy_clone/assets/images/PlaceholderLogo.png
2025-09-01 10:24:35 +0000  copying file ./assets/swiggy_clone/assets/images/no_booking_services.jpg ... 
2025-09-01 10:24:35 +0000  45339 bytes for ./assets/swiggy_clone/assets/images/no_booking_services.jpg
2025-09-01 10:24:35 +0000  copying file ./assets/swiggy_clone/assets/images/banner_placeholder.jpg ... 
2025-09-01 10:24:35 +0000  182594 bytes for ./assets/swiggy_clone/assets/images/banner_placeholder.jpg
2025-09-01 10:24:35 +0000  copying file ./assets/swiggy_clone/assets/images/booking.png ... 
2025-09-01 10:24:35 +0000  3588 bytes for ./assets/swiggy_clone/assets/images/booking.png
2025-09-01 10:24:35 +0000  copying file ./assets/swiggy_clone/assets/images/Event.jpg ... 
2025-09-01 10:24:35 +0000  723401 bytes for ./assets/swiggy_clone/assets/images/Event.jpg
2025-09-01 10:24:35 +0000  copying file ./assets/swiggy_clone/assets/images/car1.png ... 
2025-09-01 10:24:35 +0000  23657 bytes for ./assets/swiggy_clone/assets/images/car1.png
2025-09-01 10:24:35 +0000  copying file ./assets/swiggy_clone/assets/images/explorer.png ... 
2025-09-01 10:24:35 +0000  24357 bytes for ./assets/swiggy_clone/assets/images/explorer.png
2025-09-01 10:24:35 +0000  copying file ./assets/swiggy_clone/assets/images/MovieTicket.png ... 
2025-09-01 10:24:35 +0000  240415 bytes for ./assets/swiggy_clone/assets/images/MovieTicket.png
2025-09-01 10:24:35 +0000  copying file ./assets/swiggy_clone/assets/images/branded.png ... 
2025-09-01 10:24:35 +0000  1510 bytes for ./assets/swiggy_clone/assets/images/branded.png
2025-09-01 10:24:35 +0000  copying file ./assets/swiggy_clone/assets/images/pin.png ... 
2025-09-01 10:24:35 +0000  43203 bytes for ./assets/swiggy_clone/assets/images/pin.png
2025-09-01 10:24:35 +0000  copying file ./assets/swiggy_clone/assets/images/whats.png ... 
2025-09-01 10:24:35 +0000  229691 bytes for ./assets/swiggy_clone/assets/images/whats.png
2025-09-01 10:24:35 +0000  copying file ./assets/swiggy_clone/assets/images/mapLocation.png ... 
2025-09-01 10:24:35 +0000  174489 bytes for ./assets/swiggy_clone/assets/images/mapLocation.png
2025-09-01 10:24:35 +0000  copying file ./assets/swiggy_clone/assets/images/infocircle.png ... 
2025-09-01 10:24:35 +0000  20169 bytes for ./assets/swiggy_clone/assets/images/infocircle.png
2025-09-01 10:24:35 +0000  copying file ./assets/swiggy_clone/assets/images/Sad.png ... 
2025-09-01 10:24:35 +0000  170357 bytes for ./assets/swiggy_clone/assets/images/Sad.png
2025-09-01 10:24:35 +0000  copying file ./assets/swiggy_clone/assets/images/instagram.png ... 
2025-09-01 10:24:35 +0000  6013 bytes for ./assets/swiggy_clone/assets/images/instagram.png
2025-09-01 10:24:35 +0000  copying file ./assets/swiggy_clone/assets/images/ic_reward.png ... 
2025-09-01 10:24:35 +0000  2402 bytes for ./assets/swiggy_clone/assets/images/ic_reward.png
2025-09-01 10:24:35 +0000  copying file ./assets/swiggy_clone/assets/images/knockLogo.png ... 
2025-09-01 10:24:35 +0000  18731 bytes for ./assets/swiggy_clone/assets/images/knockLogo.png
2025-09-01 10:24:35 +0000  copying file ./assets/swiggy_clone/assets/images/gpay.png ... 
2025-09-01 10:24:35 +0000  76151 bytes for ./assets/swiggy_clone/assets/images/gpay.png
2025-09-01 10:24:35 +0000  copying file ./assets/swiggy_clone/assets/images/offer_blue.png ... 
2025-09-01 10:24:35 +0000  4494 bytes for ./assets/swiggy_clone/assets/images/offer_blue.png
2025-09-01 10:24:35 +0000  copying file ./assets/swiggy_clone/assets/images/Bike.png ... 
2025-09-01 10:24:35 +0000  86640 bytes for ./assets/swiggy_clone/assets/images/Bike.png
2025-09-01 10:24:35 +0000  copying file ./assets/swiggy_clone/assets/images/services.png ... 
2025-09-01 10:24:35 +0000  1093974 bytes for ./assets/swiggy_clone/assets/images/services.png
2025-09-01 10:24:35 +0000  copying file ./assets/swiggy_clone/assets/images/tag.png ... 
2025-09-01 10:24:35 +0000  2200 bytes for ./assets/swiggy_clone/assets/images/tag.png
2025-09-01 10:24:35 +0000  copying file ./assets/swiggy_clone/assets/images/fb.png ... 
2025-09-01 10:24:35 +0000  11649 bytes for ./assets/swiggy_clone/assets/images/fb.png
2025-09-01 10:24:35 +0000  copying file ./assets/swiggy_clone/assets/images/room.jpg ... 
2025-09-01 10:24:35 +0000  47298 bytes for ./assets/swiggy_clone/assets/images/room.jpg
2025-09-01 10:24:35 +0000  copying file ./assets/swiggy_clone/assets/images/uploadprofile.png ... 
2025-09-01 10:24:35 +0000  3862 bytes for ./assets/swiggy_clone/assets/images/uploadprofile.png
2025-09-01 10:24:35 +0000  copying file ./assets/swiggy_clone/assets/images/visa.png ... 
2025-09-01 10:24:35 +0000  24257 bytes for ./assets/swiggy_clone/assets/images/visa.png
2025-09-01 10:24:35 +0000  copying file ./assets/swiggy_clone/assets/images/rupee.png ... 
2025-09-01 10:24:35 +0000  38642 bytes for ./assets/swiggy_clone/assets/images/rupee.png
2025-09-01 10:24:35 +0000  copying file ./assets/swiggy_clone/assets/images/user.png ... 
2025-09-01 10:24:35 +0000  2020 bytes for ./assets/swiggy_clone/assets/images/user.png
2025-09-01 10:24:35 +0000  copying file ./assets/swiggy_clone/assets/images/cart_empty.png ... 
2025-09-01 10:24:35 +0000  15341 bytes for ./assets/swiggy_clone/assets/images/cart_empty.png
2025-09-01 10:24:35 +0000  copying file ./assets/swiggy_clone/assets/images/supervisor.png ... 
2025-09-01 10:24:35 +0000  534 bytes for ./assets/swiggy_clone/assets/images/supervisor.png
2025-09-01 10:24:35 +0000  copying file ./assets/swiggy_clone/assets/images/flight.jpg ... 
2025-09-01 10:24:35 +0000  71694 bytes for ./assets/swiggy_clone/assets/images/flight.jpg
2025-09-01 10:24:35 +0000  copying file ./assets/swiggy_clone/assets/images/Coupon1.png ... 
2025-09-01 10:24:35 +0000  1266 bytes for ./assets/swiggy_clone/assets/images/Coupon1.png
2025-09-01 10:24:35 +0000  copying file ./assets/swiggy_clone/assets/images/phonepay.png ... 
2025-09-01 10:24:35 +0000  15289 bytes for ./assets/swiggy_clone/assets/images/phonepay.png
2025-09-01 10:24:35 +0000  copying file ./assets/swiggy_clone/assets/images/sad_face.png ... 
2025-09-01 10:24:35 +0000  8136 bytes for ./assets/swiggy_clone/assets/images/sad_face.png
2025-09-01 10:24:35 +0000  copying file ./assets/swiggy_clone/assets/images/call1.png ... 
2025-09-01 10:24:35 +0000  1430 bytes for ./assets/swiggy_clone/assets/images/call1.png
2025-09-01 10:24:35 +0000  copying file ./assets/swiggy_clone/assets/images/like.png ... 
2025-09-01 10:24:35 +0000  2089 bytes for ./assets/swiggy_clone/assets/images/like.png
2025-09-01 10:24:35 +0000  copying file ./assets/swiggy_clone/assets/images/png/Placeholdercar.png ... 
2025-09-01 10:24:35 +0000  23470 bytes for ./assets/swiggy_clone/assets/images/png/Placeholdercar.png
2025-09-01 10:24:35 +0000  copying file ./assets/swiggy_clone/assets/images/png/Auto.png ... 
2025-09-01 10:24:35 +0000  1587536 bytes for ./assets/swiggy_clone/assets/images/png/Auto.png
2025-09-01 10:24:35 +0000  copying file ./assets/swiggy_clone/assets/images/png/Bike.png ... 
2025-09-01 10:24:35 +0000  1469732 bytes for ./assets/swiggy_clone/assets/images/png/Bike.png
2025-09-01 10:24:35 +0000  copying file ./assets/swiggy_clone/assets/images/png/PrimeSedan.png ... 
2025-09-01 10:24:35 +0000  1094097 bytes for ./assets/swiggy_clone/assets/images/png/PrimeSedan.png
2025-09-01 10:24:35 +0000  copying file ./assets/swiggy_clone/assets/images/png/PrimeSUV.png ... 
2025-09-01 10:24:35 +0000  1154678 bytes for ./assets/swiggy_clone/assets/images/png/PrimeSUV.png
2025-09-01 10:24:35 +0000  copying file ./assets/swiggy_clone/assets/images/png/AirTaxi.png ... 
2025-09-01 10:24:35 +0000  1403013 bytes for ./assets/swiggy_clone/assets/images/png/AirTaxi.png
2025-09-01 10:24:35 +0000  copying file ./assets/swiggy_clone/assets/images/png/Mini.png ... 
2025-09-01 10:24:35 +0000  1237930 bytes for ./assets/swiggy_clone/assets/images/png/Mini.png
2025-09-01 10:24:35 +0000  copying file ./assets/swiggy_clone/assets/images/kumari.png ... 
2025-09-01 10:24:35 +0000  14846 bytes for ./assets/swiggy_clone/assets/images/kumari.png
2025-09-01 10:24:35 +0000  copying file ./assets/swiggy_clone/assets/images/othesuccess.jpg ... 
2025-09-01 10:24:35 +0000  45287 bytes for ./assets/swiggy_clone/assets/images/othesuccess.jpg
2025-09-01 10:24:35 +0000  copying file ./assets/swiggy_clone/assets/images/menu.png ... 
2025-09-01 10:24:35 +0000  6340 bytes for ./assets/swiggy_clone/assets/images/menu.png
2025-09-01 10:24:35 +0000  copying file ./assets/swiggy_clone/assets/images/Other.jpg ... 
2025-09-01 10:24:35 +0000  263761 bytes for ./assets/swiggy_clone/assets/images/Other.jpg
2025-09-01 10:24:35 +0000  copying file ./assets/swiggy_clone/assets/images/rounded_logo.png ... 
2025-09-01 10:24:35 +0000  13234 bytes for ./assets/swiggy_clone/assets/images/rounded_logo.png
2025-09-01 10:24:35 +0000  copying file ./assets/swiggy_clone/assets/images/invoice.png ... 
2025-09-01 10:24:35 +0000  8733 bytes for ./assets/swiggy_clone/assets/images/invoice.png
2025-09-01 10:24:35 +0000  copying file ./assets/swiggy_clone/assets/images/splash2.png ... 
2025-09-01 10:24:35 +0000  1166800 bytes for ./assets/swiggy_clone/assets/images/splash2.png
2025-09-01 10:24:35 +0000  copying file ./assets/swiggy_clone/assets/images/Grobux/Gr.png ... 
2025-09-01 10:24:35 +0000  16251 bytes for ./assets/swiggy_clone/assets/images/Grobux/Gr.png
2025-09-01 10:24:35 +0000  copying file ./assets/swiggy_clone/assets/images/Grobux/logoRound.png ... 
2025-09-01 10:24:35 +0000  20537 bytes for ./assets/swiggy_clone/assets/images/Grobux/logoRound.png
2025-09-01 10:24:35 +0000  copying file ./assets/swiggy_clone/assets/images/Grobux/change_loc.png ... 
2025-09-01 10:24:35 +0000  25562 bytes for ./assets/swiggy_clone/assets/images/Grobux/change_loc.png
2025-09-01 10:24:35 +0000  copying file ./assets/swiggy_clone/assets/images/Grobux/ic_search.png ... 
2025-09-01 10:24:35 +0000  1771 bytes for ./assets/swiggy_clone/assets/images/Grobux/ic_search.png
2025-09-01 10:24:35 +0000  copying file ./assets/swiggy_clone/assets/images/Grobux/NoService.png ... 
2025-09-01 10:24:35 +0000  70251 bytes for ./assets/swiggy_clone/assets/images/Grobux/NoService.png
2025-09-01 10:24:35 +0000  copying file ./assets/swiggy_clone/assets/images/Grobux/logo_text.jpeg ... 
2025-09-01 10:24:35 +0000  65272 bytes for ./assets/swiggy_clone/assets/images/Grobux/logo_text.jpeg
2025-09-01 10:24:35 +0000  copying file ./assets/swiggy_clone/assets/images/pin1.png ... 
2025-09-01 10:24:35 +0000  48964 bytes for ./assets/swiggy_clone/assets/images/pin1.png
2025-09-01 10:24:35 +0000  copying file ./assets/swiggy_clone/assets/images/trip.png ... 
2025-09-01 10:24:35 +0000  12318 bytes for ./assets/swiggy_clone/assets/images/trip.png
2025-09-01 10:24:35 +0000  copying file ./assets/swiggy_clone/assets/images/refreal.png ... 
2025-09-01 10:24:35 +0000  58736 bytes for ./assets/swiggy_clone/assets/images/refreal.png
2025-09-01 10:24:35 +0000  copying file ./assets/swiggy_clone/assets/images/insta.png ... 
2025-09-01 10:24:35 +0000  238977 bytes for ./assets/swiggy_clone/assets/images/insta.png
2025-09-01 10:24:35 +0000  copying file ./assets/swiggy_clone/assets/images/No_Services.png ... 
2025-09-01 10:24:35 +0000  527912 bytes for ./assets/swiggy_clone/assets/images/No_Services.png
2025-09-01 10:24:35 +0000  copying file ./assets/swiggy_clone/assets/images/pickup_drop.png ... 
2025-09-01 10:24:35 +0000  1806 bytes for ./assets/swiggy_clone/assets/images/pickup_drop.png
2025-09-01 10:24:35 +0000  copying file ./assets/swiggy_clone/assets/images/new/location_gps.png ... 
2025-09-01 10:24:35 +0000  2071 bytes for ./assets/swiggy_clone/assets/images/new/location_gps.png
2025-09-01 10:24:35 +0000  copying file ./assets/swiggy_clone/assets/images/new/empty_cart.png ... 
2025-09-01 10:24:35 +0000  102538 bytes for ./assets/swiggy_clone/assets/images/new/empty_cart.png
2025-09-01 10:24:35 +0000  copying file ./assets/swiggy_clone/assets/images/new/logo_round.png ... 
2025-09-01 10:24:35 +0000  28443 bytes for ./assets/swiggy_clone/assets/images/new/logo_round.png
2025-09-01 10:24:35 +0000  copying file ./assets/swiggy_clone/assets/images/new/Searc.png ... 
2025-09-01 10:24:35 +0000  1731 bytes for ./assets/swiggy_clone/assets/images/new/Searc.png
2025-09-01 10:24:35 +0000  copying file ./assets/swiggy_clone/assets/images/new/statusFail.png ... 
2025-09-01 10:24:35 +0000  9161 bytes for ./assets/swiggy_clone/assets/images/new/statusFail.png
2025-09-01 10:24:35 +0000  copying file ./assets/swiggy_clone/assets/images/new/login.png ... 
2025-09-01 10:24:35 +0000  106053 bytes for ./assets/swiggy_clone/assets/images/new/login.png
2025-09-01 10:24:35 +0000  copying file ./assets/swiggy_clone/assets/images/new/bagColor.png ... 
2025-09-01 10:24:35 +0000  1168 bytes for ./assets/swiggy_clone/assets/images/new/bagColor.png
2025-09-01 10:24:35 +0000  copying file ./assets/swiggy_clone/assets/images/new/logout.png ... 
2025-09-01 10:24:35 +0000  2400 bytes for ./assets/swiggy_clone/assets/images/new/logout.png
2025-09-01 10:24:35 +0000  copying file ./assets/swiggy_clone/assets/images/new/otp.png ... 
2025-09-01 10:24:35 +0000  91222 bytes for ./assets/swiggy_clone/assets/images/new/otp.png
2025-09-01 10:24:35 +0000  copying file ./assets/swiggy_clone/assets/images/new/home.png ... 
2025-09-01 10:24:35 +0000  1387 bytes for ./assets/swiggy_clone/assets/images/new/home.png
2025-09-01 10:24:35 +0000  copying file ./assets/swiggy_clone/assets/images/new/hand.png ... 
2025-09-01 10:24:35 +0000  4556 bytes for ./assets/swiggy_clone/assets/images/new/hand.png
2025-09-01 10:24:35 +0000  copying file ./assets/swiggy_clone/assets/images/new/Search.png ... 
2025-09-01 10:24:35 +0000  1906 bytes for ./assets/swiggy_clone/assets/images/new/Search.png
2025-09-01 10:24:35 +0000  copying file ./assets/swiggy_clone/assets/images/new/homeColor.png ... 
2025-09-01 10:24:35 +0000  1575 bytes for ./assets/swiggy_clone/assets/images/new/homeColor.png
2025-09-01 10:24:35 +0000  copying file ./assets/swiggy_clone/assets/images/new/statusSuccess.png ... 
2025-09-01 10:24:35 +0000  54253 bytes for ./assets/swiggy_clone/assets/images/new/statusSuccess.png
2025-09-01 10:24:35 +0000  copying file ./assets/swiggy_clone/assets/images/new/profile.png ... 
2025-09-01 10:24:35 +0000  1875 bytes for ./assets/swiggy_clone/assets/images/new/profile.png
2025-09-01 10:24:35 +0000  copying file ./assets/swiggy_clone/assets/images/new/star.png ... 
2025-09-01 10:24:35 +0000  3559 bytes for ./assets/swiggy_clone/assets/images/new/star.png
2025-09-01 10:24:35 +0000  copying file ./assets/swiggy_clone/assets/images/new/sheild.png ... 
2025-09-01 10:24:35 +0000  3659 bytes for ./assets/swiggy_clone/assets/images/new/sheild.png
2025-09-01 10:24:35 +0000  copying file ./assets/swiggy_clone/assets/images/new/bag.png ... 
2025-09-01 10:24:35 +0000  962 bytes for ./assets/swiggy_clone/assets/images/new/bag.png
2025-09-01 10:24:35 +0000  copying file ./assets/swiggy_clone/assets/images/new/profileColor.png ... 
2025-09-01 10:24:35 +0000  653 bytes for ./assets/swiggy_clone/assets/images/new/profileColor.png
2025-09-01 10:24:35 +0000  copying file ./assets/swiggy_clone/assets/images/Car.png ... 
2025-09-01 10:24:35 +0000  9845 bytes for ./assets/swiggy_clone/assets/images/Car.png
2025-09-01 10:24:35 +0000  copying file ./assets/swiggy_clone/assets/images/Rider.png ... 
2025-09-01 10:24:35 +0000  78266 bytes for ./assets/swiggy_clone/assets/images/Rider.png
2025-09-01 10:24:35 +0000  copying file ./assets/swiggy_clone/assets/images/Location.png ... 
2025-09-01 10:24:35 +0000  19110 bytes for ./assets/swiggy_clone/assets/images/Location.png
2025-09-01 10:24:35 +0000  copying file ./assets/swiggy_clone/assets/images/delivery_bike.png ... 
2025-09-01 10:24:35 +0000  8842 bytes for ./assets/swiggy_clone/assets/images/delivery_bike.png
2025-09-01 10:24:35 +0000  copying file ./assets/swiggy_clone/assets/images/success.png ... 
2025-09-01 10:24:35 +0000  31280 bytes for ./assets/swiggy_clone/assets/images/success.png
2025-09-01 10:24:35 +0000  copying file ./assets/swiggy_clone/assets/images/noproduct.png ... 
2025-09-01 10:24:35 +0000  7367 bytes for ./assets/swiggy_clone/assets/images/noproduct.png
2025-09-01 10:24:35 +0000  copying file ./assets/swiggy_clone/assets/images/exclusive.png ... 
2025-09-01 10:24:35 +0000  41797 bytes for ./assets/swiggy_clone/assets/images/exclusive.png
copying file ./assets/swiggy_clone/assets/images/tick_green.png ... 
2025-09-01 10:24:35 +0000  1664 bytes for ./assets/swiggy_clone/assets/images/tick_green.png
2025-09-01 10:24:35 +0000  copying file ./assets/swiggy_clone/assets/images/Helper.png ... 
2025-09-01 10:24:35 +0000  240833 bytes for ./assets/swiggy_clone/assets/images/Helper.png
2025-09-01 10:24:35 +0000  copying file ./assets/swiggy_clone/assets/images/Call.png ... 
2025-09-01 10:24:35 +0000  40551 bytes for ./assets/swiggy_clone/assets/images/Call.png
2025-09-01 10:24:35 +0000  copying file ./assets/swiggy_clone/assets/images/clock.png ... 
2025-09-01 10:24:35 +0000  1044 bytes for ./assets/swiggy_clone/assets/images/clock.png
2025-09-01 10:24:35 +0000  copying file ./assets/swiggy_clone/assets/images/Booking1.png ... 
2025-09-01 10:24:35 +0000  2800 bytes for ./assets/swiggy_clone/assets/images/Booking1.png
2025-09-01 10:24:35 +0000  copying file ./assets/swiggy_clone/assets/images/dollars.png ... 
2025-09-01 10:24:35 +0000  26971 bytes for ./assets/swiggy_clone/assets/images/dollars.png
2025-09-01 10:24:35 +0000  copying file ./assets/swiggy_clone/assets/images/Address.jpeg ... 
2025-09-01 10:24:35 +0000  248282 bytes for ./assets/swiggy_clone/assets/images/Address.jpeg
2025-09-01 10:24:35 +0000  copying file ./assets/swiggy_clone/assets/images/log.png ... 
2025-09-01 10:24:35 +0000  7463 bytes for ./assets/swiggy_clone/assets/images/log.png
2025-09-01 10:24:35 +0000  copying file ./assets/swiggy_clone/assets/images/youtube.png ... 
2025-09-01 10:24:35 +0000  1328 bytes for ./assets/swiggy_clone/assets/images/youtube.png
2025-09-01 10:24:35 +0000  copying file ./assets/swiggy_clone/assets/images/sc_square_logo.png ... 
2025-09-01 10:24:35 +0000  21656 bytes for ./assets/swiggy_clone/assets/images/sc_square_logo.png
2025-09-01 10:24:35 +0000  copying file ./assets/swiggy_clone/assets/images/star.png ... 
2025-09-01 10:24:35 +0000  1260 bytes for ./assets/swiggy_clone/assets/images/star.png
2025-09-01 10:24:35 +0000  copying file ./assets/swiggy_clone/assets/images/shareImage.png ... 
2025-09-01 10:24:35 +0000  3020 bytes for ./assets/swiggy_clone/assets/images/shareImage.png
2025-09-01 10:24:35 +0000  copying file ./assets/swiggy_clone/assets/images/line.png ... 
2025-09-01 10:24:35 +0000  229 bytes for ./assets/swiggy_clone/assets/images/line.png
2025-09-01 10:24:35 +0000  copying file ./assets/swiggy_clone/assets/images/Union.png ... 
2025-09-01 10:24:35 +0000  1373 bytes for ./assets/swiggy_clone/assets/images/Union.png
2025-09-01 10:24:35 +0000  copying file ./assets/swiggy_clone/assets/images/whatsapp.png ... 
2025-09-01 10:24:35 +0000  2251 bytes for ./assets/swiggy_clone/assets/images/whatsapp.png
2025-09-01 10:24:35 +0000  copying file ./assets/swiggy_clone/assets/images/couponColor4.png ... 
2025-09-01 10:24:35 +0000  167142 bytes for ./assets/swiggy_clone/assets/images/couponColor4.png
2025-09-01 10:24:35 +0000  copying file ./assets/swiggy_clone/assets/images/shoppingbag.png ... 
2025-09-01 10:24:35 +0000  13244 bytes for ./assets/swiggy_clone/assets/images/shoppingbag.png
2025-09-01 10:24:35 +0000  copying file ./assets/swiggy_clone/assets/images/facebook.png ... 
2025-09-01 10:24:35 +0000  1500 bytes for ./assets/swiggy_clone/assets/images/facebook.png
2025-09-01 10:24:35 +0000  copying file ./assets/swiggy_clone/assets/images/rupeeindian.png ... 
2025-09-01 10:24:35 +0000  5165 bytes for ./assets/swiggy_clone/assets/images/rupeeindian.png
2025-09-01 10:24:35 +0000  copying file ./assets/swiggy_clone/assets/images/coin.png ... 
2025-09-01 10:24:35 +0000  7718 bytes for ./assets/swiggy_clone/assets/images/coin.png
2025-09-01 10:24:35 +0000  copying file ./assets/swiggy_clone/assets/images/ic_offer.png ... 
2025-09-01 10:24:35 +0000  1071 bytes for ./assets/swiggy_clone/assets/images/ic_offer.png
2025-09-01 10:24:35 +0000  copying file ./assets/swiggy_clone/assets/images/coupon.png ... 
2025-09-01 10:24:35 +0000  2535 bytes for ./assets/swiggy_clone/assets/images/coupon.png
2025-09-01 10:24:35 +0000  copying file ./assets/swiggy_clone/assets/images/Message.png ... 
2025-09-01 10:24:35 +0000  39947 bytes for ./assets/swiggy_clone/assets/images/Message.png
2025-09-01 10:24:35 +0000  copying file ./assets/swiggy_clone/assets/images/couponColor1.png ... 
2025-09-01 10:24:35 +0000  167614 bytes for ./assets/swiggy_clone/assets/images/couponColor1.png
2025-09-01 10:24:35 +0000  copying file ./assets/swiggy_clone/assets/images/train.jpeg ... 
2025-09-01 10:24:35 +0000  29192 bytes for ./assets/swiggy_clone/assets/images/train.jpeg
2025-09-01 10:24:35 +0000  copying file ./assets/swiggy_clone/assets/images/couponColor3.png ... 
2025-09-01 10:24:35 +0000  165627 bytes for ./assets/swiggy_clone/assets/images/couponColor3.png
2025-09-01 10:24:35 +0000  copying file ./assets/swiggy_clone/assets/images/sc_pickup.png ... 
2025-09-01 10:24:35 +0000  213536 bytes for ./assets/swiggy_clone/assets/images/sc_pickup.png
2025-09-01 10:24:35 +0000  copying file ./assets/swiggy_clone/assets/images/brand.png ... 
2025-09-01 10:24:35 +0000  3225 bytes for ./assets/swiggy_clone/assets/images/brand.png
2025-09-01 10:24:35 +0000  copying file ./assets/swiggy_clone/assets/images/loc.png ... 
2025-09-01 10:24:35 +0000  4028 bytes for ./assets/swiggy_clone/assets/images/loc.png
2025-09-01 10:24:35 +0000  copying file ./assets/swiggy_clone/assets/images/pro.png ... 
2025-09-01 10:24:35 +0000  1935 bytes for ./assets/swiggy_clone/assets/images/pro.png
2025-09-01 10:24:35 +0000  copying file ./assets/swiggy_clone/assets/images/brand_logo.png ... 
2025-09-01 10:24:35 +0000  23150 bytes for ./assets/swiggy_clone/assets/images/brand_logo.png
2025-09-01 10:24:35 +0000  copying file ./assets/swiggy_clone/assets/images/cusine.png ... 
2025-09-01 10:24:35 +0000  2192 bytes for ./assets/swiggy_clone/assets/images/cusine.png
2025-09-01 10:24:35 +0000  copying file ./assets/swiggy_clone/assets/images/Close.png ... 
2025-09-01 10:24:35 +0000  16521 bytes for ./assets/swiggy_clone/assets/images/Close.png
2025-09-01 10:24:35 +0000  copying file ./assets/swiggy_clone/assets/images/couponColor2.png ... 
2025-09-01 10:24:35 +0000  162650 bytes for ./assets/swiggy_clone/assets/images/couponColor2.png
2025-09-01 10:24:35 +0000  copying file ./assets/swiggy_clone/assets/images/BusTicket.png ... 
2025-09-01 10:24:35 +0000  152025 bytes for ./assets/swiggy_clone/assets/images/BusTicket.png
2025-09-01 10:24:35 +0000  copying file ./assets/swiggy_clone/assets/icons/sc_gps_checkpin.png ... 
2025-09-01 10:24:35 +0000  3261 bytes for ./assets/swiggy_clone/assets/icons/sc_gps_checkpin.png
2025-09-01 10:24:35 +0000  copying file ./assets/swiggy_clone/assets/icons/MapAuto.png ... 
2025-09-01 10:24:35 +0000  4854988 bytes for ./assets/swiggy_clone/assets/icons/MapAuto.png
2025-09-01 10:24:35 +0000  copying file ./assets/swiggy_clone/assets/icons/sc_pick_icon.png ... 
2025-09-01 10:24:35 +0000  555 bytes for ./assets/swiggy_clone/assets/icons/sc_pick_icon.png
2025-09-01 10:24:35 +0000  copying file ./assets/swiggy_clone/assets/icons/Mapsuv.png ... 
2025-09-01 10:24:35 +0000  7129512 bytes for ./assets/swiggy_clone/assets/icons/Mapsuv.png
2025-09-01 10:24:35 +0000  copying file ./assets/swiggy_clone/assets/icons/sc_offers.png ... 
2025-09-01 10:24:35 +0000  2769 bytes for ./assets/swiggy_clone/assets/icons/sc_offers.png
2025-09-01 10:24:35 +0000  copying file ./assets/swiggy_clone/assets/icons/tab_person.png ... 
2025-09-01 10:24:35 +0000  792 bytes for ./assets/swiggy_clone/assets/icons/tab_person.png
2025-09-01 10:24:35 +0000  copying file ./assets/swiggy_clone/assets/icons/sc_cuisine.png ... 
2025-09-01 10:24:35 +0000  2288 bytes for ./assets/swiggy_clone/assets/icons/sc_cuisine.png
2025-09-01 10:24:35 +0000  copying file ./assets/swiggy_clone/assets/icons/tab_cart.png ... 
2025-09-01 10:24:35 +0000  854 bytes for ./assets/swiggy_clone/assets/icons/tab_cart.png
2025-09-01 10:24:35 +0000  copying file ./assets/swiggy_clone/assets/icons/buildings.png ... 
2025-09-01 10:24:35 +0000  1910 bytes for ./assets/swiggy_clone/assets/icons/buildings.png
2025-09-01 10:24:35 +0000  copying file ./assets/swiggy_clone/assets/icons/react_logo.jpeg ... 
2025-09-01 10:24:35 +0000  64821 bytes for ./assets/swiggy_clone/assets/icons/react_logo.jpeg
2025-09-01 10:24:35 +0000  copying file ./assets/swiggy_clone/assets/icons/MapBike.png ... 
2025-09-01 10:24:35 +0000  3980145 bytes for ./assets/swiggy_clone/assets/icons/MapBike.png
2025-09-01 10:24:35 +0000  copying file ./assets/swiggy_clone/assets/icons/sc_hotel.png ... 
2025-09-01 10:24:35 +0000  2003 bytes for ./assets/swiggy_clone/assets/icons/sc_hotel.png
2025-09-01 10:24:35 +0000  copying file ./assets/swiggy_clone/assets/icons/sc_like_icon.png ... 
2025-09-01 10:24:35 +0000  2512 bytes for ./assets/swiggy_clone/assets/icons/sc_like_icon.png
2025-09-01 10:24:35 +0000  copying file ./assets/swiggy_clone/assets/icons/Mapairtaxi.png ... 
2025-09-01 10:24:35 +0000  4000916 bytes for ./assets/swiggy_clone/assets/icons/Mapairtaxi.png
2025-09-01 10:24:35 +0000  copying file ./assets/swiggy_clone/assets/icons/sc_delivery_icon.png ... 
2025-09-01 10:24:35 +0000  1241 bytes for ./assets/swiggy_clone/assets/icons/sc_delivery_icon.png
2025-09-01 10:24:35 +0000  copying file ./assets/swiggy_clone/assets/icons/tab_home.png ... 
2025-09-01 10:24:35 +0000  1342 bytes for ./assets/swiggy_clone/assets/icons/tab_home.png
2025-09-01 10:24:35 +0000  copying file ./assets/swiggy_clone/assets/icons/sc_address.png ... 
2025-09-01 10:24:35 +0000  2222 bytes for ./assets/swiggy_clone/assets/icons/sc_address.png
2025-09-01 10:24:35 +0000  copying file ./assets/swiggy_clone/assets/icons/sc_order.png ... 
2025-09-01 10:24:35 +0000  1565 bytes for ./assets/swiggy_clone/assets/icons/sc_order.png
2025-09-01 10:24:35 +0000  copying file ./assets/swiggy_clone/assets/icons/sc_person.png ... 
2025-09-01 10:24:35 +0000  1753 bytes for ./assets/swiggy_clone/assets/icons/sc_person.png
2025-09-01 10:24:35 +0000  copying file ./assets/swiggy_clone/assets/icons/common/instruction.png ... 
2025-09-01 10:24:35 +0000  958 bytes for ./assets/swiggy_clone/assets/icons/common/instruction.png
2025-09-01 10:24:35 +0000  copying file ./assets/swiggy_clone/assets/icons/common/instruction1.png ... 
2025-09-01 10:24:35 +0000  1389 bytes for ./assets/swiggy_clone/assets/icons/common/instruction1.png
2025-09-01 10:24:35 +0000  copying file ./assets/swiggy_clone/assets/icons/common/razorpay.png ... 
2025-09-01 10:24:35 +0000  29712 bytes for ./assets/swiggy_clone/assets/icons/common/razorpay.png
2025-09-01 10:24:35 +0000  copying file ./assets/swiggy_clone/assets/icons/common/is_success.png ... 
2025-09-01 10:24:35 +0000  3041 bytes for ./assets/swiggy_clone/assets/icons/common/is_success.png
2025-09-01 10:24:35 +0000  copying file ./assets/swiggy_clone/assets/icons/common/map_vehicle.png ... 
2025-09-01 10:24:35 +0000  6904 bytes for ./assets/swiggy_clone/assets/icons/common/map_vehicle.png
2025-09-01 10:24:35 +0000  copying file ./assets/swiggy_clone/assets/icons/common/pin_store.png ... 
2025-09-01 10:24:35 +0000  4499 bytes for ./assets/swiggy_clone/assets/icons/common/pin_store.png
2025-09-01 10:24:35 +0000  copying file ./assets/swiggy_clone/assets/icons/common/upi.png ... 
2025-09-01 10:24:35 +0000  4507 bytes for ./assets/swiggy_clone/assets/icons/common/upi.png
2025-09-01 10:24:35 +0000  copying file ./assets/swiggy_clone/assets/icons/common/nonveg.png ... 
2025-09-01 10:24:35 +0000  225 bytes for ./assets/swiggy_clone/assets/icons/common/nonveg.png
2025-09-01 10:24:35 +0000  copying file ./assets/swiggy_clone/assets/icons/common/is_prepared.png ... 
2025-09-01 10:24:35 +0000  3484 bytes for ./assets/swiggy_clone/assets/icons/common/is_prepared.png
2025-09-01 10:24:35 +0000  copying file ./assets/swiggy_clone/assets/icons/common/success.png ... 
2025-09-01 10:24:35 +0000  1774 bytes for ./assets/swiggy_clone/assets/icons/common/success.png
2025-09-01 10:24:35 +0000  copying file ./assets/swiggy_clone/assets/icons/common/veg.png ... 
2025-09-01 10:24:35 +0000  228 bytes for ./assets/swiggy_clone/assets/icons/common/veg.png
2025-09-01 10:24:35 +0000  copying file ./assets/swiggy_clone/assets/icons/common/FSSAI_logo.png ... 
2025-09-01 10:24:35 +0000  53299 bytes for ./assets/swiggy_clone/assets/icons/common/FSSAI_logo.png
2025-09-01 10:24:35 +0000  copying file ./assets/swiggy_clone/assets/icons/common/is_delivered.png ... 
2025-09-01 10:24:35 +0000  2942 bytes for ./assets/swiggy_clone/assets/icons/common/is_delivered.png
2025-09-01 10:24:35 +0000  copying file ./assets/swiggy_clone/assets/icons/common/pin_target.png ... 
2025-09-01 10:24:35 +0000  1329 bytes for ./assets/swiggy_clone/assets/icons/common/pin_target.png
2025-09-01 10:24:35 +0000  copying file ./assets/swiggy_clone/assets/icons/common/is_accepted.png ... 
2025-09-01 10:24:35 +0000  4379 bytes for ./assets/swiggy_clone/assets/icons/common/is_accepted.png
2025-09-01 10:24:35 +0000  copying file ./assets/swiggy_clone/assets/icons/common/coupon.png ... 
2025-09-01 10:24:35 +0000  1780 bytes for ./assets/swiggy_clone/assets/icons/common/coupon.png
2025-09-01 10:24:35 +0000  copying file ./assets/swiggy_clone/assets/icons/common/is_out.png ... 
2025-09-01 10:24:35 +0000  3710 bytes for ./assets/swiggy_clone/assets/icons/common/is_out.png
2025-09-01 10:24:35 +0000  copying file ./assets/swiggy_clone/assets/icons/common/is_restaurant.png ... 
2025-09-01 10:24:35 +0000  3262 bytes for ./assets/swiggy_clone/assets/icons/common/is_restaurant.png
2025-09-01 10:24:35 +0000  copying file ./assets/swiggy_clone/assets/icons/common/fail.png ... 
2025-09-01 10:24:35 +0000  1784 bytes for ./assets/swiggy_clone/assets/icons/common/fail.png
2025-09-01 10:24:35 +0000  copying file ./assets/swiggy_clone/assets/icons/offerTag.png ... 
2025-09-01 10:24:35 +0000  1832 bytes for ./assets/swiggy_clone/assets/icons/offerTag.png
2025-09-01 10:24:35 +0000  copying file ./assets/swiggy_clone/assets/icons/Mapsedan.png ... 
2025-09-01 10:24:35 +0000  759256 bytes for ./assets/swiggy_clone/assets/icons/Mapsedan.png
2025-09-01 10:24:35 +0000  copying file ./assets/swiggy_clone/assets/icons/Mapcar.png ... 
2025-09-01 10:24:35 +0000  6513238 bytes for ./assets/swiggy_clone/assets/icons/Mapcar.png
2025-09-01 10:24:35 +0000  copying file ./assets/swiggy_clone/assets/icons/sc_search.png ... 
2025-09-01 10:24:35 +0000  1548 bytes for ./assets/swiggy_clone/assets/icons/sc_search.png
2025-09-01 10:24:35 +0000  copying file ./assets/swiggy_clone/assets/icons/sc_pickup_input.png ... 
2025-09-01 10:24:35 +0000  423 bytes for ./assets/swiggy_clone/assets/icons/sc_pickup_input.png
2025-09-01 10:24:35 +0000  copying file ./assets/swiggy_clone/assets/icons/sc_ticket.png ... 
2025-09-01 10:24:35 +0000  2319 bytes for ./assets/swiggy_clone/assets/icons/sc_ticket.png
2025-09-01 10:24:35 +0000  copying file ./assets/swiggy_clone/assets/icons/edit.png ... 
2025-09-01 10:24:35 +0000  11070 bytes for ./assets/swiggy_clone/assets/icons/edit.png
2025-09-01 10:24:35 +0000  copying file ./assets/swiggy_clone/assets/icons/sc_tick.png ... 
2025-09-01 10:24:35 +0000  2273 bytes for ./assets/swiggy_clone/assets/icons/sc_tick.png
2025-09-01 10:24:35 +0000  copying file ./assets/swiggy_clone/assets/icons/sc_heart.png ... 
2025-09-01 10:24:35 +0000  1596 bytes for ./assets/swiggy_clone/assets/icons/sc_heart.png
2025-09-01 10:24:35 +0000  copying file ./assets/swiggy_clone/assets/icons/sc_phone.png ... 
2025-09-01 10:24:35 +0000  1665 bytes for ./assets/swiggy_clone/assets/icons/sc_phone.png
2025-09-01 10:24:35 +0000  copying file ./assets/swiggy_clone/assets/icons/sc_offer_tag.png ... 
2025-09-01 10:24:35 +0000  2112 bytes for ./assets/swiggy_clone/assets/icons/sc_offer_tag.png
2025-09-01 10:24:35 +0000  copying file ./assets/swiggy_clone/assets/icons/marker.png ... 
2025-09-01 10:24:35 +0000  2618 bytes for ./assets/swiggy_clone/assets/icons/marker.png
2025-09-01 10:24:35 +0000  copying file ./assets/swiggy_clone/assets/gif/splash1.gif ... 
2025-09-01 10:24:35 +0000  842661 bytes for ./assets/swiggy_clone/assets/gif/splash1.gif
2025-09-01 10:24:35 +0000  copying file ./assets/swiggy_clone/assets/gif/error.gif ... 
2025-09-01 10:24:35 +0000  204670 bytes for ./assets/swiggy_clone/assets/gif/error.gif
2025-09-01 10:24:35 +0000  copying file ./assets/swiggy_clone/assets/gif/Clock.gif ... 
2025-09-01 10:24:35 +0000  106274 bytes for ./assets/swiggy_clone/assets/gif/Clock.gif
2025-09-01 10:24:35 +0000  copying file ./assets/swiggy_clone/assets/gif/app_update.gif ... 
2025-09-01 10:24:35 +0000  1356608 bytes for ./assets/swiggy_clone/assets/gif/app_update.gif
2025-09-01 10:24:35 +0000  copying file ./assets/asset/images/Logoplaceholder.png ... 
2025-09-01 10:24:35 +0000  23452 bytes for ./assets/asset/images/Logoplaceholder.png
2025-09-01 10:24:35 +0000  copying file ./assets/asset/icons/sc_offers.png ... 
2025-09-01 10:24:35 +0000  2769 bytes for ./assets/asset/icons/sc_offers.png
2025-09-01 10:24:35 +0000  copying file ./assets/asset/icons/tab_person.png ... 
2025-09-01 10:24:35 +0000  792 bytes for ./assets/asset/icons/tab_person.png
2025-09-01 10:24:35 +0000  copying file ./assets/asset/icons/cart.png ... 
2025-09-01 10:24:35 +0000  1158 bytes for ./assets/asset/icons/cart.png
2025-09-01 10:24:35 +0000  copying file ./assets/asset/icons/tab_cart.png ... 
2025-09-01 10:24:35 +0000  854 bytes for ./assets/asset/icons/tab_cart.png
2025-09-01 10:24:35 +0000  copying file ./assets/asset/icons/tab_search.png ... 
2025-09-01 10:24:35 +0000  2134 bytes for ./assets/asset/icons/tab_search.png
2025-09-01 10:24:35 +0000  copying file ./assets/asset/icons/sc_like_icon.png ... 
2025-09-01 10:24:35 +0000  2512 bytes for ./assets/asset/icons/sc_like_icon.png
2025-09-01 10:24:35 +0000  copying file ./assets/asset/icons/home.png ... 
2025-09-01 10:24:35 +0000  522 bytes for ./assets/asset/icons/home.png
2025-09-01 10:24:35 +0000  copying file ./assets/asset/icons/tab_home.png ... 
2025-09-01 10:24:35 +0000  1342 bytes for ./assets/asset/icons/tab_home.png
2025-09-01 10:24:35 +0000  copying file ./assets/asset/icons/account.png ... 
2025-09-01 10:24:35 +0000  2239 bytes for ./assets/asset/icons/account.png
2025-09-01 10:24:35 +0000  copying file ./assets/asset/icons/Cat.png ... 
2025-09-01 10:24:35 +0000  1106 bytes for ./assets/asset/icons/Cat.png
2025-09-01 10:24:35 +0000  copying file ./assets/asset/icons/tab_category.png ... 
2025-09-01 10:24:35 +0000  174 bytes for ./assets/asset/icons/tab_category.png
2025-09-01 10:24:35 +0000  copying file ./assets/asset/icons/ic_back.png ... 
2025-09-01 10:24:35 +0000  732 bytes for ./assets/asset/icons/ic_back.png
2025-09-01 10:24:35 +0000  copying file ./assets/node_modules/react-native-ratings/dist/images/bell.png ... 
2025-09-01 10:24:35 +0000  2989 bytes for ./assets/node_modules/react-native-ratings/dist/images/bell.png
2025-09-01 10:24:35 +0000  copying file ./assets/node_modules/react-native-ratings/dist/images/airbnb-star-selected.png ... 
2025-09-01 10:24:35 +0000  934 bytes for ./assets/node_modules/react-native-ratings/dist/images/airbnb-star-selected.png
2025-09-01 10:24:35 +0000  copying file ./assets/node_modules/react-native-ratings/dist/images/heart.png ... 
2025-09-01 10:24:35 +0000  1928 bytes for ./assets/node_modules/react-native-ratings/dist/images/heart.png
2025-09-01 10:24:35 +0000  copying file ./assets/node_modules/react-native-ratings/dist/images/airbnb-star.png ... 
2025-09-01 10:24:35 +0000  930 bytes for ./assets/node_modules/react-native-ratings/dist/images/airbnb-star.png
2025-09-01 10:24:35 +0000  copying file ./assets/node_modules/react-native-ratings/dist/images/rocket.png ... 
2025-09-01 10:24:35 +0000  4050 bytes for ./assets/node_modules/react-native-ratings/dist/images/rocket.png
2025-09-01 10:24:35 +0000  copying file ./assets/node_modules/react-native-ratings/dist/images/star.png ... 
2025-09-01 10:24:35 +0000  1961 bytes for ./assets/node_modules/react-native-ratings/dist/images/star.png
2025-09-01 10:24:35 +0000  copying file ./assets/node_modules/@react-navigation/elements/src/assets/back-icon@3x.png ... 
2025-09-01 10:24:35 +0000  761 bytes for ./assets/node_modules/@react-navigation/elements/src/assets/back-icon@3x.png
2025-09-01 10:24:35 +0000  copying file ./assets/node_modules/@react-navigation/elements/src/assets/back-icon@2x.png ... 
2025-09-01 10:24:35 +0000  405 bytes for ./assets/node_modules/@react-navigation/elements/src/assets/back-icon@2x.png
2025-09-01 10:24:35 +0000  copying file ./assets/node_modules/@react-navigation/elements/src/assets/back-icon.png ... 
2025-09-01 10:24:35 +0000  290 bytes for ./assets/node_modules/@react-navigation/elements/src/assets/back-icon.png
2025-09-01 10:24:35 +0000  copying file ./assets/node_modules/@react-navigation/elements/src/assets/back-icon-mask.png ... 
2025-09-01 10:24:35 +0000  913 bytes for ./assets/node_modules/@react-navigation/elements/src/assets/back-icon-mask.png
2025-09-01 10:24:35 +0000  copying file ./assets/node_modules/react-native-dropdown-picker/src/themes/light/icons/tick.png ... 
2025-09-01 10:24:35 +0000  1214 bytes for ./assets/node_modules/react-native-dropdown-picker/src/themes/light/icons/tick.png
2025-09-01 10:24:35 +0000  copying file ./assets/node_modules/react-native-dropdown-picker/src/themes/light/icons/arrow-down.png ... 
2025-09-01 10:24:35 +0000  522 bytes for ./assets/node_modules/react-native-dropdown-picker/src/themes/light/icons/arrow-down.png
2025-09-01 10:24:35 +0000  copying file ./assets/node_modules/react-native-dropdown-picker/src/themes/light/icons/arrow-up.png ... 
2025-09-01 10:24:35 +0000  807 bytes for ./assets/node_modules/react-native-dropdown-picker/src/themes/light/icons/arrow-up.png
2025-09-01 10:24:35 +0000  copying file ./assets/node_modules/react-native-dropdown-picker/src/themes/light/icons/close.png ... 
2025-09-01 10:24:35 +0000  338 bytes for ./assets/node_modules/react-native-dropdown-picker/src/themes/light/icons/close.png
2025-09-01 10:24:35 +0000  copying file ./assets/node_modules/react-native-dropdown-picker/src/themes/dark/icons/tick.png ... 
2025-09-01 10:24:35 +0000  15772 bytes for ./assets/node_modules/react-native-dropdown-picker/src/themes/dark/icons/tick.png
2025-09-01 10:24:35 +0000  copying file ./assets/node_modules/react-native-dropdown-picker/src/themes/dark/icons/arrow-down.png ... 
2025-09-01 10:24:35 +0000  15367 bytes for ./assets/node_modules/react-native-dropdown-picker/src/themes/dark/icons/arrow-down.png
2025-09-01 10:24:35 +0000  copying file ./assets/node_modules/react-native-dropdown-picker/src/themes/dark/icons/arrow-up.png ... 
2025-09-01 10:24:35 +0000  15500 bytes for ./assets/node_modules/react-native-dropdown-picker/src/themes/dark/icons/arrow-up.png
2025-09-01 10:24:35 +0000  copying file ./assets/node_modules/react-native-dropdown-picker/src/themes/dark/icons/close.png ... 
2025-09-01 10:24:35 +0000  15449 bytes for ./assets/node_modules/react-native-dropdown-picker/src/themes/dark/icons/close.png
2025-09-01 10:24:35 +0000  copying file ./assets/node_modules/react-native-calendars/src/calendar/img/previous@2x.png ... 
2025-09-01 10:24:35 +0000  458 bytes for ./assets/node_modules/react-native-calendars/src/calendar/img/previous@2x.png
2025-09-01 10:24:35 +0000  copying file ./assets/node_modules/react-native-calendars/src/calendar/img/next@2x.png ... 
2025-09-01 10:24:35 +0000  462 bytes for ./assets/node_modules/react-native-calendars/src/calendar/img/next@2x.png
2025-09-01 10:24:35 +0000  copying file ./assets/node_modules/react-native-calendars/src/img/down@3x.png ... 
2025-09-01 10:24:35 +0000  508 bytes for ./assets/node_modules/react-native-calendars/src/img/down@3x.png
2025-09-01 10:24:35 +0000  copying file ./assets/node_modules/react-native-calendars/src/img/down@2x.png ... 
2025-09-01 10:24:35 +0000  354 bytes for ./assets/node_modules/react-native-calendars/src/img/down@2x.png
2025-09-01 10:24:35 +0000  copying file ./assets/node_modules/react-native-calendars/src/img/up.png ... 
2025-09-01 10:24:35 +0000  215 bytes for ./assets/node_modules/react-native-calendars/src/img/up.png
2025-09-01 10:24:35 +0000  copying file ./assets/node_modules/react-native-calendars/src/img/down.png ... 
2025-09-01 10:24:35 +0000  208 bytes for ./assets/node_modules/react-native-calendars/src/img/down.png
2025-09-01 10:24:35 +0000  copying file ./assets/node_modules/react-native-calendars/src/img/up@2x.png ... 
2025-09-01 10:24:35 +0000  347 bytes for ./assets/node_modules/react-native-calendars/src/img/up@2x.png
2025-09-01 10:24:35 +0000  copying file ./assets/node_modules/react-native-calendars/src/img/up@3x.png ... 
2025-09-01 10:24:35 +0000  504 bytes for ./assets/node_modules/react-native-calendars/src/img/up@3x.png
2025-09-01 10:24:35 +0000  copying file ./assets/assets/images/tex.png ... 
2025-09-01 10:24:35 +0000  9985 bytes for ./assets/assets/images/tex.png
2025-09-01 10:24:35 +0000  copying file ./assets/assets/images/ilologo.png ... 
2025-09-01 10:24:35 +0000  23452 bytes for ./assets/assets/images/ilologo.png
2025-09-01 10:24:35 +0000  copying file ./assets/assets/images/plus.png ... 
2025-09-01 10:24:35 +0000  2893 bytes for ./assets/assets/images/plus.png
2025-09-01 10:24:35 +0000  copying file ./assets/assets/images/plusIcon.png ... 
2025-09-01 10:24:35 +0000  21800 bytes for ./assets/assets/images/plusIcon.png
2025-09-01 10:24:35 +0000  copying file ./assets/assets/images/couponActive.png ... 
2025-09-01 10:24:35 +0000  5745 bytes for ./assets/assets/images/couponActive.png
2025-09-01 10:24:35 +0000  copying file ./assets/assets/images/bac1.png ... 
2025-09-01 10:24:35 +0000  29688 bytes for ./assets/assets/images/bac1.png
2025-09-01 10:24:35 +0000  copying file ./assets/assets/images/offer.png ... 
2025-09-01 10:24:35 +0000  4009 bytes for ./assets/assets/images/offer.png
2025-09-01 10:24:35 +0000  copying file ./assets/assets/images/whats.png ... 
2025-09-01 10:24:35 +0000  229691 bytes for ./assets/assets/images/whats.png
2025-09-01 10:24:35 +0000  copying file ./assets/assets/images/logoBan.png ... 
2025-09-01 10:24:35 +0000  32297 bytes for ./assets/assets/images/logoBan.png
2025-09-01 10:24:35 +0000  copying file ./assets/assets/images/ic_referal.png ... 
2025-09-01 10:24:35 +0000  819 bytes for ./assets/assets/images/ic_referal.png
2025-09-01 10:24:35 +0000  copying file ./assets/assets/images/razorpay.png ... 
2025-09-01 10:24:35 +0000  30061 bytes for ./assets/assets/images/razorpay.png
2025-09-01 10:24:35 +0000  copying file ./assets/assets/images/react_logo.jpeg ... 
2025-09-01 10:24:35 +0000  64821 bytes for ./assets/assets/images/react_logo.jpeg
2025-09-01 10:24:35 +0000  copying file ./assets/assets/images/productLoading.png ... 
2025-09-01 10:24:35 +0000  18009 bytes for ./assets/assets/images/productLoading.png
2025-09-01 10:24:35 +0000  copying file ./assets/assets/images/Log2.png ... 
2025-09-01 10:24:35 +0000  15979 bytes for ./assets/assets/images/Log2.png
2025-09-01 10:24:35 +0000  copying file ./assets/assets/images/delivery_boy.png ... 
2025-09-01 10:24:35 +0000  7181 bytes for ./assets/assets/images/delivery_boy.png
2025-09-01 10:24:35 +0000  copying file ./assets/assets/images/pin_store.png ... 
2025-09-01 10:24:35 +0000  1934 bytes for ./assets/assets/images/pin_store.png
2025-09-01 10:24:35 +0000  copying file ./assets/assets/images/Log1.png ... 
2025-09-01 10:24:35 +0000  27817 bytes for ./assets/assets/images/Log1.png
2025-09-01 10:24:35 +0000  copying file ./assets/assets/images/fb.png ... 
2025-09-01 10:24:35 +0000  11649 bytes for ./assets/assets/images/fb.png
2025-09-01 10:24:35 +0000  copying file ./assets/assets/images/serveLogo.png ... 
2025-09-01 10:24:35 +0000  29991 bytes for ./assets/assets/images/serveLogo.png
2025-09-01 10:24:35 +0000  copying file ./assets/assets/images/no_restaurants.png ... 
2025-09-01 10:24:35 +0000  89999 bytes for ./assets/assets/images/no_restaurants.png
2025-09-01 10:24:35 +0000  copying file ./assets/assets/images/cart_empty.png ... 
2025-09-01 10:24:35 +0000  15341 bytes for ./assets/assets/images/cart_empty.png
2025-09-01 10:24:35 +0000  copying file ./assets/assets/images/usedCoupon.png ... 
2025-09-01 10:24:35 +0000  5584 bytes for ./assets/assets/images/usedCoupon.png
2025-09-01 10:24:35 +0000  copying file ./assets/assets/images/phonepe.png ... 
2025-09-01 10:24:35 +0000  7675 bytes for ./assets/assets/images/phonepe.png
2025-09-01 10:24:35 +0000  copying file ./assets/assets/images/OrderStatusFail.png ... 
2025-09-01 10:24:35 +0000  3664 bytes for ./assets/assets/images/OrderStatusFail.png
2025-09-01 10:24:35 +0000  copying file ./assets/assets/images/brandLogo.png ... 
2025-09-01 10:24:35 +0000  45876 bytes for ./assets/assets/images/brandLogo.png
2025-09-01 10:24:35 +0000  copying file ./assets/assets/images/meat.png ... 
2025-09-01 10:24:35 +0000  82643 bytes for ./assets/assets/images/meat.png
2025-09-01 10:24:35 +0000  copying file ./assets/assets/images/es.png ... 
2025-09-01 10:24:35 +0000  14953 bytes for ./assets/assets/images/es.png
2025-09-01 10:24:35 +0000  copying file ./assets/assets/images/minus.png ... 
2025-09-01 10:24:35 +0000  2836 bytes for ./assets/assets/images/minus.png
2025-09-01 10:24:35 +0000  copying file ./assets/assets/images/logo1.png ... 
2025-09-01 10:24:35 +0000  14370 bytes for ./assets/assets/images/logo1.png
2025-09-01 10:24:35 +0000  copying file ./assets/assets/images/splash.png ... 
2025-09-01 10:24:35 +0000  417090 bytes for ./assets/assets/images/splash.png
2025-09-01 10:24:35 +0000  copying file ./assets/assets/images/Black_logo.png ... 
2025-09-01 10:24:35 +0000  256418 bytes for ./assets/assets/images/Black_logo.png
2025-09-01 10:24:35 +0000  copying file ./assets/assets/images/logo.png ... 
2025-09-01 10:24:35 +0000  88756 bytes for ./assets/assets/images/logo.png
2025-09-01 10:24:35 +0000  copying file ./assets/assets/images/cat_round.png ... 
2025-09-01 10:24:35 +0000  11461 bytes for ./assets/assets/images/cat_round.png
2025-09-01 10:24:35 +0000  copying file ./assets/assets/images/insta.png ... 
2025-09-01 10:24:35 +0000  238977 bytes for ./assets/assets/images/insta.png
2025-09-01 10:24:35 +0000  copying file ./assets/assets/images/membership.png ... 
2025-09-01 10:24:35 +0000  65249 bytes for ./assets/assets/images/membership.png
2025-09-01 10:24:35 +0000  copying file ./assets/assets/images/banLoading.png ... 
2025-09-01 10:24:35 +0000  24878 bytes for ./assets/assets/images/banLoading.png
2025-09-01 10:24:35 +0000  copying file ./assets/assets/images/call.png ... 
2025-09-01 10:24:35 +0000  1430 bytes for ./assets/assets/images/call.png
2025-09-01 10:24:35 +0000  copying file ./assets/assets/images/OrderStatusSuccess.png ... 
2025-09-01 10:24:35 +0000  12893 bytes for ./assets/assets/images/OrderStatusSuccess.png
2025-09-01 10:24:35 +0000  copying file ./assets/assets/images/noShop.gif ... 
2025-09-01 10:24:35 +0000  106500 bytes for ./assets/assets/images/noShop.gif
2025-09-01 10:24:35 +0000  copying file ./assets/assets/images/paytm.png ... 
2025-09-01 10:24:35 +0000  4075 bytes for ./assets/assets/images/paytm.png
2025-09-01 10:24:35 +0000  copying file ./assets/assets/images/log.png ... 
2025-09-01 10:24:35 +0000  94453 bytes for ./assets/assets/images/log.png
2025-09-01 10:24:35 +0000  copying file ./assets/assets/images/MainLogo.png ... 
2025-09-01 10:24:35 +0000  44085 bytes for ./assets/assets/images/MainLogo.png
2025-09-01 10:24:35 +0000  copying file ./assets/assets/images/youtube.png ... 
2025-09-01 10:24:35 +0000  1328 bytes for ./assets/assets/images/youtube.png
2025-09-01 10:24:35 +0000  copying file ./assets/assets/images/status_fail.png ... 
2025-09-01 10:24:35 +0000  1784 bytes for ./assets/assets/images/status_fail.png
2025-09-01 10:24:35 +0000  copying file ./assets/assets/images/Star.png ... 
2025-09-01 10:24:35 +0000  886 bytes for ./assets/assets/images/Star.png
2025-09-01 10:24:35 +0000  copying file ./assets/assets/images/rec.png ... 
2025-09-01 10:24:35 +0000  416359 bytes for ./assets/assets/images/rec.png
2025-09-01 10:24:35 +0000  copying file ./assets/assets/images/whatsapp.png ... 
2025-09-01 10:24:35 +0000  3297 bytes for ./assets/assets/images/whatsapp.png
2025-09-01 10:24:35 +0000  copying file ./assets/assets/images/locationMan.png ... 
2025-09-01 10:24:35 +0000  89803 bytes for ./assets/assets/images/locationMan.png
2025-09-01 10:24:35 +0000  copying file ./assets/assets/images/pin_target.png ... 
2025-09-01 10:24:35 +0000  6679 bytes for ./assets/assets/images/pin_target.png
2025-09-01 10:24:35 +0000  copying file ./assets/assets/images/local_mall.png ... 
2025-09-01 10:24:35 +0000  1134 bytes for ./assets/assets/images/local_mall.png
2025-09-01 10:24:35 +0000  copying file ./assets/assets/images/Reward.png ... 
2025-09-01 10:24:35 +0000  2556 bytes for ./assets/assets/images/Reward.png
2025-09-01 10:24:35 +0000  copying file ./assets/assets/images/coupon.png ... 
2025-09-01 10:24:35 +0000  1780 bytes for ./assets/assets/images/coupon.png
2025-09-01 10:24:35 +0000  copying file ./assets/assets/images/ref.png ... 
2025-09-01 10:24:35 +0000  82063 bytes for ./assets/assets/images/ref.png
2025-09-01 10:24:35 +0000  copying file ./assets/assets/images/rating.png ... 
2025-09-01 10:24:35 +0000  43236 bytes for ./assets/assets/images/rating.png
2025-09-01 10:24:35 +0000  copying file ./assets/assets/images/back.png ... 
2025-09-01 10:24:35 +0000  5478667 bytes for ./assets/assets/images/back.png
2025-09-01 10:24:35 +0000  copying file ./assets/assets/images/marker.png ... 
2025-09-01 10:24:35 +0000  19110 bytes for ./assets/assets/images/marker.png
2025-09-01 10:24:35 +0000  copying file ./assets/assets/icons/info.png ... 
2025-09-01 10:24:35 +0000  1239 bytes for ./assets/assets/icons/info.png
2025-09-01 10:24:35 +0000  copying file ./assets/assets/icons/shopBag.png ... 
2025-09-01 10:24:35 +0000  1953 bytes for ./assets/assets/icons/shopBag.png
2025-09-01 10:24:35 +0000  copying file ./assets/assets/icons/wallet.png ... 
2025-09-01 10:24:35 +0000  1057 bytes for ./assets/assets/icons/wallet.png
2025-09-01 10:24:35 +0000  copying file ./assets/assets/icons/pen.png ... 
2025-09-01 10:24:35 +0000  2247 bytes for ./assets/assets/icons/pen.png
2025-09-01 10:24:35 +0000  copying file ./assets/assets/icons/lock.png ... 
2025-09-01 10:24:35 +0000  1795 bytes for ./assets/assets/icons/lock.png
2025-09-01 10:24:35 +0000  copying file ./assets/assets/icons/file.png ... 
2025-09-01 10:24:35 +0000  1390 bytes for ./assets/assets/icons/file.png
2025-09-01 10:24:35 +0000  copying file ./assets/assets/icons/hand.png ... 
2025-09-01 10:24:35 +0000  2418 bytes for ./assets/assets/icons/hand.png
2025-09-01 10:24:35 +0000  copying file ./assets/assets/icons/heart.png ... 
2025-09-01 10:24:35 +0000  2046 bytes for ./assets/assets/icons/heart.png
2025-09-01 10:24:35 +0000  copying file ./assets/assets/icons/sheild.png ... 
2025-09-01 10:24:35 +0000  1705 bytes for ./assets/assets/icons/sheild.png
2025-09-01 10:24:35 +0000  copying file ./assets/assets/icons/message.png ... 
2025-09-01 10:24:35 +0000  2520 bytes for ./assets/assets/icons/message.png
2025-09-01 10:24:35 +0000  copying file ./assets/assets/icons/marker.png ... 
2025-09-01 10:24:35 +0000  2618 bytes for ./assets/assets/icons/marker.png
2025-09-01 10:24:35 +0000  copying file ./assets/assets/gif/love_with_made.gif ... 
2025-09-01 10:24:35 +0000  90920 bytes for ./assets/assets/gif/love_with_made.gif
2025-09-01 10:24:35 +0000  copying file ./assets/assets/gif/no_cart.gif ... 
2025-09-01 10:24:35 +0000  182796 bytes for ./assets/assets/gif/no_cart.gif
2025-09-01 10:24:35 +0000  copying file ./Info.plist ... 
2025-09-01 10:24:35 +0000  5868 bytes for ./Info.plist
2025-09-01 10:24:35 +0000  copying file ./RNCAsyncStorage_resources.bundle/PrivacyInfo.xcprivacy ... 
2025-09-01 10:24:35 +0000  512 bytes for ./RNCAsyncStorage_resources.bundle/PrivacyInfo.xcprivacy
2025-09-01 10:24:35 +0000  copying file ./RNCAsyncStorage_resources.bundle/Info.plist ... 
2025-09-01 10:24:35 +0000  800 bytes for ./RNCAsyncStorage_resources.bundle/Info.plist
2025-09-01 10:24:35 +0000  copying file ./PkgInfo ... 
2025-09-01 10:24:35 +0000  8 bytes for ./PkgInfo
2025-09-01 10:24:35 +0000  copying file ./MaterialIcons.ttf ... 
2025-09-01 10:24:35 +0000  230384 bytes for ./MaterialIcons.ttf
2025-09-01 10:24:35 +0000  /usr/bin/ditto exited with 0
2025-09-01 10:24:35 +0000  Processing step: IDEDistributionEmbedProfileStep
2025-09-01 10:24:35 +0000  Skipping profile for item: <IDEDistributionItem: 0x60007767e040; bundleID='com.onesignal.OneSignal-Dynamic', path='<DVTFilePath:0x600047890a10:'/Users/gtech/Library/Developer/Xcode/Archives/2025-09-01/Ilo 01-09-25, 3.54 PM.xcarchive/Products/Applications/Ilo.app/Frameworks/OneSignal.framework'>', codeSigningInfo='<_DVTCodeSigningInformation_Path: 0x60007b2b0b90; isSigned='1', isAdHocSigned='0', signingCertificate='<DVTSigningCertificate: 0x6000426a1ec0; name='Apple Development: Mohammed Asimkhan (GMFM4WLPF8)', hash='3FBD506D5351B9925B4476E9847AE37E46FB08A7', serialNumber='447FB797EED02C5F0C17751817510C0E', certificateKinds='(
    "1.2.840.113635.100.6.1.12",
    "1.2.840.113635.100.6.1.2"
), issueDate='2025-08-28 03:57:31 +0000''>', entitlements='(null)', teamID='V5L22ZZ8D6', identifier='com.onesignal.OneSignal-Dynamic', executablePath='<DVTFilePath:0x600063791800:'/Users/gtech/Library/Developer/Xcode/Archives/2025-09-01/Ilo 01-09-25, 3.54 PM.xcarchive/Products/Applications/Ilo.app/Frameworks/OneSignal.framework/OneSignal'>', hardenedRuntime='0'>'>
2025-09-01 10:24:35 +0000  Skipping profile for item: <IDEDistributionItem: 0x600077629ce0; bundleID='com.onesignal.OneSignalCore', path='<DVTFilePath:0x6000478912d0:'/Users/gtech/Library/Developer/Xcode/Archives/2025-09-01/Ilo 01-09-25, 3.54 PM.xcarchive/Products/Applications/Ilo.app/Frameworks/OneSignalCore.framework'>', codeSigningInfo='<_DVTCodeSigningInformation_Path: 0x60007b2b1db0; isSigned='1', isAdHocSigned='0', signingCertificate='<DVTSigningCertificate: 0x6000426a1ec0; name='Apple Development: Mohammed Asimkhan (GMFM4WLPF8)', hash='3FBD506D5351B9925B4476E9847AE37E46FB08A7', serialNumber='447FB797EED02C5F0C17751817510C0E', certificateKinds='(
    "1.2.840.113635.100.6.1.12",
    "1.2.840.113635.100.6.1.2"
), issueDate='2025-08-28 03:57:31 +0000''>', entitlements='(null)', teamID='V5L22ZZ8D6', identifier='com.onesignal.OneSignalCore', executablePath='<DVTFilePath:0x600063791e00:'/Users/gtech/Library/Developer/Xcode/Archives/2025-09-01/Ilo 01-09-25, 3.54 PM.xcarchive/Products/Applications/Ilo.app/Frameworks/OneSignalCore.framework/OneSignalCore'>', hardenedRuntime='0'>'>
2025-09-01 10:24:35 +0000  Skipping profile for item: <IDEDistributionItem: 0x60007767f0c0; bundleID='com.onesignal.OneSignalExtension', path='<DVTFilePath:0x600047890150:'/Users/gtech/Library/Developer/Xcode/Archives/2025-09-01/Ilo 01-09-25, 3.54 PM.xcarchive/Products/Applications/Ilo.app/Frameworks/OneSignalExtension.framework'>', codeSigningInfo='<_DVTCodeSigningInformation_Path: 0x60007b2b0f50; isSigned='1', isAdHocSigned='0', signingCertificate='<DVTSigningCertificate: 0x6000426a1ec0; name='Apple Development: Mohammed Asimkhan (GMFM4WLPF8)', hash='3FBD506D5351B9925B4476E9847AE37E46FB08A7', serialNumber='447FB797EED02C5F0C17751817510C0E', certificateKinds='(
    "1.2.840.113635.100.6.1.12",
    "1.2.840.113635.100.6.1.2"
), issueDate='2025-08-28 03:57:31 +0000''>', entitlements='(null)', teamID='V5L22ZZ8D6', identifier='com.onesignal.OneSignalExtension', executablePath='<DVTFilePath:0x600047890bd0:'/Users/gtech/Library/Developer/Xcode/Archives/2025-09-01/Ilo 01-09-25, 3.54 PM.xcarchive/Products/Applications/Ilo.app/Frameworks/OneSignalExtension.framework/OneSignalExtension'>', hardenedRuntime='0'>'>
2025-09-01 10:24:35 +0000  Skipping profile for item: <IDEDistributionItem: 0x60007767ea00; bundleID='com.onesignal.OneSignalOutcomes', path='<DVTFilePath:0x600047893e90:'/Users/gtech/Library/Developer/Xcode/Archives/2025-09-01/Ilo 01-09-25, 3.54 PM.xcarchive/Products/Applications/Ilo.app/Frameworks/OneSignalOutcomes.framework'>', codeSigningInfo='<_DVTCodeSigningInformation_Path: 0x60007b2b0fa0; isSigned='1', isAdHocSigned='0', signingCertificate='<DVTSigningCertificate: 0x6000426a1ec0; name='Apple Development: Mohammed Asimkhan (GMFM4WLPF8)', hash='3FBD506D5351B9925B4476E9847AE37E46FB08A7', serialNumber='447FB797EED02C5F0C17751817510C0E', certificateKinds='(
    "1.2.840.113635.100.6.1.12",
    "1.2.840.113635.100.6.1.2"
), issueDate='2025-08-28 03:57:31 +0000''>', entitlements='(null)', teamID='V5L22ZZ8D6', identifier='com.onesignal.OneSignalOutcomes', executablePath='<DVTFilePath:0x600047890d20:'/Users/gtech/Library/Developer/Xcode/Archives/2025-09-01/Ilo 01-09-25, 3.54 PM.xcarchive/Products/Applications/Ilo.app/Frameworks/OneSignalOutcomes.framework/OneSignalOutcomes'>', hardenedRuntime='0'>'>
2025-09-01 10:24:35 +0000  Skipping profile for item: <IDEDistributionItem: 0x600077626fa0; bundleID='com.razorpay.CheckoutOtpelf', path='<DVTFilePath:0x600047891030:'/Users/gtech/Library/Developer/Xcode/Archives/2025-09-01/Ilo 01-09-25, 3.54 PM.xcarchive/Products/Applications/Ilo.app/Frameworks/Razorpay.framework'>', codeSigningInfo='<_DVTCodeSigningInformation_Path: 0x60007b2b1e00; isSigned='1', isAdHocSigned='0', signingCertificate='<DVTSigningCertificate: 0x6000426a1ec0; name='Apple Development: Mohammed Asimkhan (GMFM4WLPF8)', hash='3FBD506D5351B9925B4476E9847AE37E46FB08A7', serialNumber='447FB797EED02C5F0C17751817510C0E', certificateKinds='(
    "1.2.840.113635.100.6.1.12",
    "1.2.840.113635.100.6.1.2"
), issueDate='2025-08-28 03:57:31 +0000''>', entitlements='(null)', teamID='V5L22ZZ8D6', identifier='com.razorpay.CheckoutOtpelf', executablePath='<DVTFilePath:0x600063710c60:'/Users/gtech/Library/Developer/Xcode/Archives/2025-09-01/Ilo 01-09-25, 3.54 PM.xcarchive/Products/Applications/Ilo.app/Frameworks/Razorpay.framework/Razorpay'>', hardenedRuntime='0'>'>
2025-09-01 10:24:35 +0000  Skipping profile for item: <IDEDistributionItem: 0x60007762c180; bundleID='com.apple.dt.runtime.swiftConcurrency', path='<DVTFilePath:0x600047891e30:'/Users/gtech/Library/Developer/Xcode/Archives/2025-09-01/Ilo 01-09-25, 3.54 PM.xcarchive/Products/Applications/Ilo.app/Frameworks/libswift_Concurrency.dylib'>', codeSigningInfo='<_DVTCodeSigningInformation_Path: 0x60007b38fca0; isSigned='1', isAdHocSigned='0', signingCertificate='<DVTSigningCertificate: 0x6000426a1ec0; name='Apple Development: Mohammed Asimkhan (GMFM4WLPF8)', hash='3FBD506D5351B9925B4476E9847AE37E46FB08A7', serialNumber='447FB797EED02C5F0C17751817510C0E', certificateKinds='(
    "1.2.840.113635.100.6.1.12",
    "1.2.840.113635.100.6.1.2"
), issueDate='2025-08-28 03:57:31 +0000''>', entitlements='(null)', teamID='V5L22ZZ8D6', identifier='com.apple.dt.runtime.swiftConcurrency', executablePath='<DVTFilePath:0x600047891e30:'/Users/gtech/Library/Developer/Xcode/Archives/2025-09-01/Ilo 01-09-25, 3.54 PM.xcarchive/Products/Applications/Ilo.app/Frameworks/libswift_Concurrency.dylib'>', hardenedRuntime='0'>'>
2025-09-01 10:24:35 +0000  Processing step: IDEDistributionInfoPlistStep
2025-09-01 10:24:35 +0000  Skipping step: IDEDistributionInfoPlistStep because it said so
2025-09-01 10:24:35 +0000  Skipping step: IDEDistributionInfoPlistStep because it said so
2025-09-01 10:24:35 +0000  Skipping step: IDEDistributionInfoPlistStep because it said so
2025-09-01 10:24:35 +0000  Skipping step: IDEDistributionInfoPlistStep because it said so
2025-09-01 10:24:35 +0000  Skipping step: IDEDistributionInfoPlistStep because it said so
2025-09-01 10:24:35 +0000  Skipping step: IDEDistributionInfoPlistStep because it said so
2025-09-01 10:24:35 +0000  Skipping step: IDEDistributionInfoPlistStep because it said so
2025-09-01 10:24:35 +0000  Skipping step: IDEDistributionInfoPlistStep because it said so
2025-09-01 10:24:35 +0000  Processing step: IDEDistributionAppThinningPlistStep
2025-09-01 10:24:35 +0000  Skipping step: IDEDistributionAppThinningPlistStep because it said so
2025-09-01 10:24:35 +0000  Processing step: IDEDistributionSymbolsStep
2025-09-01 10:24:35 +0000  Skipping step: IDEDistributionSymbolsStep because it said so
2025-09-01 10:24:35 +0000  Processing step: IDEDistributionAppThinningStep
2025-09-01 10:24:35 +0000  Skipping step: IDEDistributionAppThinningStep because it said so
2025-09-01 10:24:35 +0000  Processing step: IDEDistributionArchThinningStep
2025-09-01 10:24:35 +0000  Item /Users/gtech/Library/Developer/Xcode/Archives/2025-09-01/Ilo 01-09-25, 3.54 PM.xcarchive/Products/Applications/Ilo.app/Frameworks/OneSignal.framework doesn't have the entitlement com.apple.developer.web-browser-engine.host enabled, returning ["arm64e"]
2025-09-01 10:24:35 +0000  Archs to thin for item /Users/gtech/Library/Developer/Xcode/Archives/2025-09-01/Ilo 01-09-25, 3.54 PM.xcarchive/Products/Applications/Ilo.app/Frameworks/OneSignal.framework are ["arm64e"]
2025-09-01 10:24:35 +0000  Running /Applications/Xcode.app/Contents/Developer/Toolchains/XcodeDefault.xctoolchain/usr/bin/lipo '/var/folders/x9/dp7v3cfx17dbzl_tj532j2_c0000gn/T/XcodeDistPipeline.~~~BogpYd/Root/Payload/Ilo.app/Frameworks/OneSignal.framework/OneSignal' '-verify_arch' 'arm64e'
2025-09-01 10:24:35 +0000  /Applications/Xcode.app/Contents/Developer/Toolchains/XcodeDefault.xctoolchain/usr/bin/lipo exited with 1
2025-09-01 10:24:35 +0000  Skipping architecture thinning for item "OneSignal" because arch "arm64e" wasn't found
2025-09-01 10:24:35 +0000  Item /Users/gtech/Library/Developer/Xcode/Archives/2025-09-01/Ilo 01-09-25, 3.54 PM.xcarchive/Products/Applications/Ilo.app/Frameworks/OneSignalCore.framework doesn't have the entitlement com.apple.developer.web-browser-engine.host enabled, returning ["arm64e"]
2025-09-01 10:24:35 +0000  Archs to thin for item /Users/gtech/Library/Developer/Xcode/Archives/2025-09-01/Ilo 01-09-25, 3.54 PM.xcarchive/Products/Applications/Ilo.app/Frameworks/OneSignalCore.framework are ["arm64e"]
2025-09-01 10:24:35 +0000  Running /Applications/Xcode.app/Contents/Developer/Toolchains/XcodeDefault.xctoolchain/usr/bin/lipo '/var/folders/x9/dp7v3cfx17dbzl_tj532j2_c0000gn/T/XcodeDistPipeline.~~~BogpYd/Root/Payload/Ilo.app/Frameworks/OneSignalCore.framework/OneSignalCore' '-verify_arch' 'arm64e'
2025-09-01 10:24:35 +0000  /Applications/Xcode.app/Contents/Developer/Toolchains/XcodeDefault.xctoolchain/usr/bin/lipo exited with 1
2025-09-01 10:24:35 +0000  Skipping architecture thinning for item "OneSignalCore" because arch "arm64e" wasn't found
2025-09-01 10:24:35 +0000  Item /Users/gtech/Library/Developer/Xcode/Archives/2025-09-01/Ilo 01-09-25, 3.54 PM.xcarchive/Products/Applications/Ilo.app/Frameworks/OneSignalExtension.framework doesn't have the entitlement com.apple.developer.web-browser-engine.host enabled, returning ["arm64e"]
2025-09-01 10:24:35 +0000  Archs to thin for item /Users/gtech/Library/Developer/Xcode/Archives/2025-09-01/Ilo 01-09-25, 3.54 PM.xcarchive/Products/Applications/Ilo.app/Frameworks/OneSignalExtension.framework are ["arm64e"]
2025-09-01 10:24:35 +0000  Running /Applications/Xcode.app/Contents/Developer/Toolchains/XcodeDefault.xctoolchain/usr/bin/lipo '/var/folders/x9/dp7v3cfx17dbzl_tj532j2_c0000gn/T/XcodeDistPipeline.~~~BogpYd/Root/Payload/Ilo.app/Frameworks/OneSignalExtension.framework/OneSignalExtension' '-verify_arch' 'arm64e'
2025-09-01 10:24:35 +0000  /Applications/Xcode.app/Contents/Developer/Toolchains/XcodeDefault.xctoolchain/usr/bin/lipo exited with 1
2025-09-01 10:24:35 +0000  Skipping architecture thinning for item "OneSignalExtension" because arch "arm64e" wasn't found
2025-09-01 10:24:35 +0000  Item /Users/gtech/Library/Developer/Xcode/Archives/2025-09-01/Ilo 01-09-25, 3.54 PM.xcarchive/Products/Applications/Ilo.app/Frameworks/OneSignalOutcomes.framework doesn't have the entitlement com.apple.developer.web-browser-engine.host enabled, returning ["arm64e"]
2025-09-01 10:24:35 +0000  Archs to thin for item /Users/gtech/Library/Developer/Xcode/Archives/2025-09-01/Ilo 01-09-25, 3.54 PM.xcarchive/Products/Applications/Ilo.app/Frameworks/OneSignalOutcomes.framework are ["arm64e"]
2025-09-01 10:24:35 +0000  Running /Applications/Xcode.app/Contents/Developer/Toolchains/XcodeDefault.xctoolchain/usr/bin/lipo '/var/folders/x9/dp7v3cfx17dbzl_tj532j2_c0000gn/T/XcodeDistPipeline.~~~BogpYd/Root/Payload/Ilo.app/Frameworks/OneSignalOutcomes.framework/OneSignalOutcomes' '-verify_arch' 'arm64e'
2025-09-01 10:24:35 +0000  /Applications/Xcode.app/Contents/Developer/Toolchains/XcodeDefault.xctoolchain/usr/bin/lipo exited with 1
2025-09-01 10:24:35 +0000  Skipping architecture thinning for item "OneSignalOutcomes" because arch "arm64e" wasn't found
2025-09-01 10:24:35 +0000  Item /Users/gtech/Library/Developer/Xcode/Archives/2025-09-01/Ilo 01-09-25, 3.54 PM.xcarchive/Products/Applications/Ilo.app/Frameworks/Razorpay.framework doesn't have the entitlement com.apple.developer.web-browser-engine.host enabled, returning ["arm64e"]
2025-09-01 10:24:35 +0000  Archs to thin for item /Users/gtech/Library/Developer/Xcode/Archives/2025-09-01/Ilo 01-09-25, 3.54 PM.xcarchive/Products/Applications/Ilo.app/Frameworks/Razorpay.framework are ["arm64e"]
2025-09-01 10:24:35 +0000  Running /Applications/Xcode.app/Contents/Developer/Toolchains/XcodeDefault.xctoolchain/usr/bin/lipo '/var/folders/x9/dp7v3cfx17dbzl_tj532j2_c0000gn/T/XcodeDistPipeline.~~~BogpYd/Root/Payload/Ilo.app/Frameworks/Razorpay.framework/Razorpay' '-verify_arch' 'arm64e'
2025-09-01 10:24:35 +0000  /Applications/Xcode.app/Contents/Developer/Toolchains/XcodeDefault.xctoolchain/usr/bin/lipo exited with 1
2025-09-01 10:24:35 +0000  Skipping architecture thinning for item "Razorpay" because arch "arm64e" wasn't found
2025-09-01 10:24:35 +0000  Item /Users/gtech/Library/Developer/Xcode/Archives/2025-09-01/Ilo 01-09-25, 3.54 PM.xcarchive/Products/Applications/Ilo.app/Frameworks/libswift_Concurrency.dylib doesn't have the entitlement com.apple.developer.web-browser-engine.host enabled, returning ["arm64e"]
2025-09-01 10:24:35 +0000  Archs to thin for item /Users/gtech/Library/Developer/Xcode/Archives/2025-09-01/Ilo 01-09-25, 3.54 PM.xcarchive/Products/Applications/Ilo.app/Frameworks/libswift_Concurrency.dylib are ["arm64e"]
2025-09-01 10:24:35 +0000  Running /Applications/Xcode.app/Contents/Developer/Toolchains/XcodeDefault.xctoolchain/usr/bin/lipo '/var/folders/x9/dp7v3cfx17dbzl_tj532j2_c0000gn/T/XcodeDistPipeline.~~~BogpYd/Root/Payload/Ilo.app/Frameworks/libswift_Concurrency.dylib' '-verify_arch' 'arm64e'
2025-09-01 10:24:35 +0000  /Applications/Xcode.app/Contents/Developer/Toolchains/XcodeDefault.xctoolchain/usr/bin/lipo exited with 1
2025-09-01 10:24:35 +0000  Skipping architecture thinning for item "libswift_Concurrency.dylib" because arch "arm64e" wasn't found
2025-09-01 10:24:35 +0000  Item /Users/gtech/Library/Developer/Xcode/Archives/2025-09-01/Ilo 01-09-25, 3.54 PM.xcarchive/Products/Applications/Ilo.app/PlugIns/OneSignalNotificationServiceExtension.appex doesn't have the entitlement com.apple.developer.web-browser-engine.host enabled, returning ["arm64e"]
2025-09-01 10:24:35 +0000  Archs to thin for item /Users/gtech/Library/Developer/Xcode/Archives/2025-09-01/Ilo 01-09-25, 3.54 PM.xcarchive/Products/Applications/Ilo.app/PlugIns/OneSignalNotificationServiceExtension.appex are ["arm64e"]
2025-09-01 10:24:35 +0000  Running /Applications/Xcode.app/Contents/Developer/Toolchains/XcodeDefault.xctoolchain/usr/bin/lipo '/var/folders/x9/dp7v3cfx17dbzl_tj532j2_c0000gn/T/XcodeDistPipeline.~~~BogpYd/Root/Payload/Ilo.app/PlugIns/OneSignalNotificationServiceExtension.appex/OneSignalNotificationServiceExtension' '-verify_arch' 'arm64e'
2025-09-01 10:24:35 +0000  /Applications/Xcode.app/Contents/Developer/Toolchains/XcodeDefault.xctoolchain/usr/bin/lipo exited with 1
2025-09-01 10:24:35 +0000  Skipping architecture thinning for item "OneSignalNotificationServiceExtension" because arch "arm64e" wasn't found
2025-09-01 10:24:35 +0000  Item /Users/gtech/Library/Developer/Xcode/Archives/2025-09-01/Ilo 01-09-25, 3.54 PM.xcarchive/Products/Applications/Ilo.app doesn't have the entitlement com.apple.developer.web-browser-engine.host enabled, returning ["arm64e"]
2025-09-01 10:24:35 +0000  Archs to thin for item /Users/gtech/Library/Developer/Xcode/Archives/2025-09-01/Ilo 01-09-25, 3.54 PM.xcarchive/Products/Applications/Ilo.app are ["arm64e"]
2025-09-01 10:24:35 +0000  Running /Applications/Xcode.app/Contents/Developer/Toolchains/XcodeDefault.xctoolchain/usr/bin/lipo '/var/folders/x9/dp7v3cfx17dbzl_tj532j2_c0000gn/T/XcodeDistPipeline.~~~BogpYd/Root/Payload/Ilo.app/Ilo' '-verify_arch' 'arm64e'
2025-09-01 10:24:35 +0000  /Applications/Xcode.app/Contents/Developer/Toolchains/XcodeDefault.xctoolchain/usr/bin/lipo exited with 1
2025-09-01 10:24:35 +0000  Skipping architecture thinning for item "Ilo" because arch "arm64e" wasn't found
2025-09-01 10:24:35 +0000  Processing step: IDEDistributionODRStep
2025-09-01 10:24:35 +0000  Processing step: IDEDistributionStripXattrsStep
2025-09-01 10:24:35 +0000  Skipping stripping extended attributes because the codesign step will strip them.
2025-09-01 10:24:35 +0000  Skipping stripping extended attributes because the codesign step will strip them.
2025-09-01 10:24:35 +0000  Skipping stripping extended attributes because the codesign step will strip them.
2025-09-01 10:24:35 +0000  Skipping stripping extended attributes because the codesign step will strip them.
2025-09-01 10:24:35 +0000  Skipping stripping extended attributes because the codesign step will strip them.
2025-09-01 10:24:35 +0000  Skipping stripping extended attributes because the codesign step will strip them.
2025-09-01 10:24:35 +0000  Skipping stripping extended attributes because the codesign step will strip them.
2025-09-01 10:24:35 +0000  Skipping stripping extended attributes because the codesign step will strip them.
2025-09-01 10:24:35 +0000  Processing step: IDEDistributionCodesignStep
2025-09-01 10:24:35 +0000  Entitlements for <IDEDistributionItem: 0x60007767e040; bundleID='com.onesignal.OneSignal-Dynamic', path='<DVTFilePath:0x600047890a10:'/Users/gtech/Library/Developer/Xcode/Archives/2025-09-01/Ilo 01-09-25, 3.54 PM.xcarchive/Products/Applications/Ilo.app/Frameworks/OneSignal.framework'>', codeSigningInfo='<_DVTCodeSigningInformation_Path: 0x60007b2b0b90; isSigned='1', isAdHocSigned='0', signingCertificate='<DVTSigningCertificate: 0x6000426a2f40; name='Apple Development: Mohammed Asimkhan (GMFM4WLPF8)', hash='3FBD506D5351B9925B4476E9847AE37E46FB08A7', serialNumber='447FB797EED02C5F0C17751817510C0E', certificateKinds='(
    "1.2.840.113635.100.6.1.12",
    "1.2.840.113635.100.6.1.2"
), issueDate='2025-08-28 03:57:31 +0000''>', entitlements='(null)', teamID='V5L22ZZ8D6', identifier='com.onesignal.OneSignal-Dynamic', executablePath='<DVTFilePath:0x600063791800:'/Users/gtech/Library/Developer/Xcode/Archives/2025-09-01/Ilo 01-09-25, 3.54 PM.xcarchive/Products/Applications/Ilo.app/Frameworks/OneSignal.framework/OneSignal'>', hardenedRuntime='0'>'>: {
}
2025-09-01 10:24:35 +0000  Associated App Clip Identifiers Filter: Skipping because "com.apple.developer.associated-appclip-app-identifiers" is not present
2025-09-01 10:24:35 +0000  Entitlements for <IDEDistributionItem: 0x60007767e040; bundleID='com.onesignal.OneSignal-Dynamic', path='<DVTFilePath:0x600047890a10:'/Users/gtech/Library/Developer/Xcode/Archives/2025-09-01/Ilo 01-09-25, 3.54 PM.xcarchive/Products/Applications/Ilo.app/Frameworks/OneSignal.framework'>', codeSigningInfo='<_DVTCodeSigningInformation_Path: 0x60007b2b0b90; isSigned='1', isAdHocSigned='0', signingCertificate='<DVTSigningCertificate: 0x6000426a1ec0; name='Apple Development: Mohammed Asimkhan (GMFM4WLPF8)', hash='3FBD506D5351B9925B4476E9847AE37E46FB08A7', serialNumber='447FB797EED02C5F0C17751817510C0E', certificateKinds='(
    "1.2.840.113635.100.6.1.12",
    "1.2.840.113635.100.6.1.2"
), issueDate='2025-08-28 03:57:31 +0000''>', entitlements='(null)', teamID='V5L22ZZ8D6', identifier='com.onesignal.OneSignal-Dynamic', executablePath='<DVTFilePath:0x600063791800:'/Users/gtech/Library/Developer/Xcode/Archives/2025-09-01/Ilo 01-09-25, 3.54 PM.xcarchive/Products/Applications/Ilo.app/Frameworks/OneSignal.framework/OneSignal'>', hardenedRuntime='0'>'> are: {
}
2025-09-01 10:24:35 +0000  Writing entitlements for <IDEDistributionItem: 0x60007767e040; bundleID='com.onesignal.OneSignal-Dynamic', path='<DVTFilePath:0x600047890a10:'/Users/gtech/Library/Developer/Xcode/Archives/2025-09-01/Ilo 01-09-25, 3.54 PM.xcarchive/Products/Applications/Ilo.app/Frameworks/OneSignal.framework'>', codeSigningInfo='<_DVTCodeSigningInformation_Path: 0x60007b2b0b90; isSigned='1', isAdHocSigned='0', signingCertificate='<DVTSigningCertificate: 0x6000426a1e00; name='Apple Development: Mohammed Asimkhan (GMFM4WLPF8)', hash='3FBD506D5351B9925B4476E9847AE37E46FB08A7', serialNumber='447FB797EED02C5F0C17751817510C0E', certificateKinds='(
    "1.2.840.113635.100.6.1.12",
    "1.2.840.113635.100.6.1.2"
), issueDate='2025-08-28 03:57:31 +0000''>', entitlements='(null)', teamID='V5L22ZZ8D6', identifier='com.onesignal.OneSignal-Dynamic', executablePath='<DVTFilePath:0x600063791800:'/Users/gtech/Library/Developer/Xcode/Archives/2025-09-01/Ilo 01-09-25, 3.54 PM.xcarchive/Products/Applications/Ilo.app/Frameworks/OneSignal.framework/OneSignal'>', hardenedRuntime='0'>'> to: /var/folders/x9/dp7v3cfx17dbzl_tj532j2_c0000gn/T/XcodeDistPipeline.~~~BogpYd/entitlements~~~YL09x2
2025-09-01 10:24:35 +0000  invoking codesign: <NSConcreteTask: 0x60007727c5a0; launchPath='/usr/bin/codesign', arguments='(
    "-f",
    "-s",
    3FBD506D5351B9925B4476E9847AE37E46FB08A7,
    "--entitlements",
    "/var/folders/x9/dp7v3cfx17dbzl_tj532j2_c0000gn/T/XcodeDistPipeline.~~~BogpYd/entitlements~~~YL09x2",
    "--preserve-metadata=identifier,flags,runtime",
    "--generate-entitlement-der",
    "--strip-disallowed-xattrs",
    "-vvv",
    "/var/folders/x9/dp7v3cfx17dbzl_tj532j2_c0000gn/T/XcodeDistPipeline.~~~BogpYd/Root/Payload/Ilo.app/Frameworks/OneSignal.framework"
)'>
2025-09-01 10:24:35 +0000  codesign output: /var/folders/x9/dp7v3cfx17dbzl_tj532j2_c0000gn/T/XcodeDistPipeline.~~~BogpYd/Root/Payload/Ilo.app/Frameworks/OneSignal.framework: replacing existing signature
/var/folders/x9/dp7v3cfx17dbzl_tj532j2_c0000gn/T/XcodeDistPipeline.~~~BogpYd/Root/Payload/Ilo.app/Frameworks/OneSignal.framework: signed bundle with Mach-O thin (arm64) [com.onesignal.OneSignal-Dynamic]
2025-09-01 10:24:35 +0000  Entitlements for <IDEDistributionItem: 0x600077629ce0; bundleID='com.onesignal.OneSignalCore', path='<DVTFilePath:0x6000478912d0:'/Users/gtech/Library/Developer/Xcode/Archives/2025-09-01/Ilo 01-09-25, 3.54 PM.xcarchive/Products/Applications/Ilo.app/Frameworks/OneSignalCore.framework'>', codeSigningInfo='<_DVTCodeSigningInformation_Path: 0x60007b2b1db0; isSigned='1', isAdHocSigned='0', signingCertificate='<DVTSigningCertificate: 0x6000426a2f40; name='Apple Development: Mohammed Asimkhan (GMFM4WLPF8)', hash='3FBD506D5351B9925B4476E9847AE37E46FB08A7', serialNumber='447FB797EED02C5F0C17751817510C0E', certificateKinds='(
    "1.2.840.113635.100.6.1.12",
    "1.2.840.113635.100.6.1.2"
), issueDate='2025-08-28 03:57:31 +0000''>', entitlements='(null)', teamID='V5L22ZZ8D6', identifier='com.onesignal.OneSignalCore', executablePath='<DVTFilePath:0x600063791e00:'/Users/gtech/Library/Developer/Xcode/Archives/2025-09-01/Ilo 01-09-25, 3.54 PM.xcarchive/Products/Applications/Ilo.app/Frameworks/OneSignalCore.framework/OneSignalCore'>', hardenedRuntime='0'>'>: {
}
2025-09-01 10:24:35 +0000  Associated App Clip Identifiers Filter: Skipping because "com.apple.developer.associated-appclip-app-identifiers" is not present
2025-09-01 10:24:35 +0000  Entitlements for <IDEDistributionItem: 0x600077629ce0; bundleID='com.onesignal.OneSignalCore', path='<DVTFilePath:0x6000478912d0:'/Users/gtech/Library/Developer/Xcode/Archives/2025-09-01/Ilo 01-09-25, 3.54 PM.xcarchive/Products/Applications/Ilo.app/Frameworks/OneSignalCore.framework'>', codeSigningInfo='<_DVTCodeSigningInformation_Path: 0x60007b2b1db0; isSigned='1', isAdHocSigned='0', signingCertificate='<DVTSigningCertificate: 0x60004268c3c0; name='Apple Development: Mohammed Asimkhan (GMFM4WLPF8)', hash='3FBD506D5351B9925B4476E9847AE37E46FB08A7', serialNumber='447FB797EED02C5F0C17751817510C0E', certificateKinds='(
    "1.2.840.113635.100.6.1.12",
    "1.2.840.113635.100.6.1.2"
), issueDate='2025-08-28 03:57:31 +0000''>', entitlements='(null)', teamID='V5L22ZZ8D6', identifier='com.onesignal.OneSignalCore', executablePath='<DVTFilePath:0x600063791e00:'/Users/gtech/Library/Developer/Xcode/Archives/2025-09-01/Ilo 01-09-25, 3.54 PM.xcarchive/Products/Applications/Ilo.app/Frameworks/OneSignalCore.framework/OneSignalCore'>', hardenedRuntime='0'>'> are: {
}
2025-09-01 10:24:35 +0000  Writing entitlements for <IDEDistributionItem: 0x600077629ce0; bundleID='com.onesignal.OneSignalCore', path='<DVTFilePath:0x6000478912d0:'/Users/gtech/Library/Developer/Xcode/Archives/2025-09-01/Ilo 01-09-25, 3.54 PM.xcarchive/Products/Applications/Ilo.app/Frameworks/OneSignalCore.framework'>', codeSigningInfo='<_DVTCodeSigningInformation_Path: 0x60007b2b1db0; isSigned='1', isAdHocSigned='0', signingCertificate='<DVTSigningCertificate: 0x60004268eb80; name='Apple Development: Mohammed Asimkhan (GMFM4WLPF8)', hash='3FBD506D5351B9925B4476E9847AE37E46FB08A7', serialNumber='447FB797EED02C5F0C17751817510C0E', certificateKinds='(
    "1.2.840.113635.100.6.1.12",
    "1.2.840.113635.100.6.1.2"
), issueDate='2025-08-28 03:57:31 +0000''>', entitlements='(null)', teamID='V5L22ZZ8D6', identifier='com.onesignal.OneSignalCore', executablePath='<DVTFilePath:0x600063791e00:'/Users/gtech/Library/Developer/Xcode/Archives/2025-09-01/Ilo 01-09-25, 3.54 PM.xcarchive/Products/Applications/Ilo.app/Frameworks/OneSignalCore.framework/OneSignalCore'>', hardenedRuntime='0'>'> to: /var/folders/x9/dp7v3cfx17dbzl_tj532j2_c0000gn/T/XcodeDistPipeline.~~~BogpYd/entitlements~~~Yb0MCE
2025-09-01 10:24:35 +0000  invoking codesign: <NSConcreteTask: 0x60007b281450; launchPath='/usr/bin/codesign', arguments='(
    "-f",
    "-s",
    3FBD506D5351B9925B4476E9847AE37E46FB08A7,
    "--entitlements",
    "/var/folders/x9/dp7v3cfx17dbzl_tj532j2_c0000gn/T/XcodeDistPipeline.~~~BogpYd/entitlements~~~Yb0MCE",
    "--preserve-metadata=identifier,flags,runtime",
    "--generate-entitlement-der",
    "--strip-disallowed-xattrs",
    "-vvv",
    "/var/folders/x9/dp7v3cfx17dbzl_tj532j2_c0000gn/T/XcodeDistPipeline.~~~BogpYd/Root/Payload/Ilo.app/Frameworks/OneSignalCore.framework"
)'>
2025-09-01 10:24:35 +0000  codesign output: /var/folders/x9/dp7v3cfx17dbzl_tj532j2_c0000gn/T/XcodeDistPipeline.~~~BogpYd/Root/Payload/Ilo.app/Frameworks/OneSignalCore.framework: replacing existing signature
/var/folders/x9/dp7v3cfx17dbzl_tj532j2_c0000gn/T/XcodeDistPipeline.~~~BogpYd/Root/Payload/Ilo.app/Frameworks/OneSignalCore.framework: signed bundle with Mach-O thin (arm64) [com.onesignal.OneSignalCore]
2025-09-01 10:24:35 +0000  Entitlements for <IDEDistributionItem: 0x60007767f0c0; bundleID='com.onesignal.OneSignalExtension', path='<DVTFilePath:0x600047890150:'/Users/gtech/Library/Developer/Xcode/Archives/2025-09-01/Ilo 01-09-25, 3.54 PM.xcarchive/Products/Applications/Ilo.app/Frameworks/OneSignalExtension.framework'>', codeSigningInfo='<_DVTCodeSigningInformation_Path: 0x60007b2b0f50; isSigned='1', isAdHocSigned='0', signingCertificate='<DVTSigningCertificate: 0x6000426a2f40; name='Apple Development: Mohammed Asimkhan (GMFM4WLPF8)', hash='3FBD506D5351B9925B4476E9847AE37E46FB08A7', serialNumber='447FB797EED02C5F0C17751817510C0E', certificateKinds='(
    "1.2.840.113635.100.6.1.12",
    "1.2.840.113635.100.6.1.2"
), issueDate='2025-08-28 03:57:31 +0000''>', entitlements='(null)', teamID='V5L22ZZ8D6', identifier='com.onesignal.OneSignalExtension', executablePath='<DVTFilePath:0x600047890bd0:'/Users/gtech/Library/Developer/Xcode/Archives/2025-09-01/Ilo 01-09-25, 3.54 PM.xcarchive/Products/Applications/Ilo.app/Frameworks/OneSignalExtension.framework/OneSignalExtension'>', hardenedRuntime='0'>'>: {
}
2025-09-01 10:24:35 +0000  Associated App Clip Identifiers Filter: Skipping because "com.apple.developer.associated-appclip-app-identifiers" is not present
2025-09-01 10:24:35 +0000  Entitlements for <IDEDistributionItem: 0x60007767f0c0; bundleID='com.onesignal.OneSignalExtension', path='<DVTFilePath:0x600047890150:'/Users/gtech/Library/Developer/Xcode/Archives/2025-09-01/Ilo 01-09-25, 3.54 PM.xcarchive/Products/Applications/Ilo.app/Frameworks/OneSignalExtension.framework'>', codeSigningInfo='<_DVTCodeSigningInformation_Path: 0x60007b2b0f50; isSigned='1', isAdHocSigned='0', signingCertificate='<DVTSigningCertificate: 0x60004268c3c0; name='Apple Development: Mohammed Asimkhan (GMFM4WLPF8)', hash='3FBD506D5351B9925B4476E9847AE37E46FB08A7', serialNumber='447FB797EED02C5F0C17751817510C0E', certificateKinds='(
    "1.2.840.113635.100.6.1.12",
    "1.2.840.113635.100.6.1.2"
), issueDate='2025-08-28 03:57:31 +0000''>', entitlements='(null)', teamID='V5L22ZZ8D6', identifier='com.onesignal.OneSignalExtension', executablePath='<DVTFilePath:0x600047890bd0:'/Users/gtech/Library/Developer/Xcode/Archives/2025-09-01/Ilo 01-09-25, 3.54 PM.xcarchive/Products/Applications/Ilo.app/Frameworks/OneSignalExtension.framework/OneSignalExtension'>', hardenedRuntime='0'>'> are: {
}
2025-09-01 10:24:35 +0000  Writing entitlements for <IDEDistributionItem: 0x60007767f0c0; bundleID='com.onesignal.OneSignalExtension', path='<DVTFilePath:0x600047890150:'/Users/gtech/Library/Developer/Xcode/Archives/2025-09-01/Ilo 01-09-25, 3.54 PM.xcarchive/Products/Applications/Ilo.app/Frameworks/OneSignalExtension.framework'>', codeSigningInfo='<_DVTCodeSigningInformation_Path: 0x60007b2b0f50; isSigned='1', isAdHocSigned='0', signingCertificate='<DVTSigningCertificate: 0x60004268eb80; name='Apple Development: Mohammed Asimkhan (GMFM4WLPF8)', hash='3FBD506D5351B9925B4476E9847AE37E46FB08A7', serialNumber='447FB797EED02C5F0C17751817510C0E', certificateKinds='(
    "1.2.840.113635.100.6.1.12",
    "1.2.840.113635.100.6.1.2"
), issueDate='2025-08-28 03:57:31 +0000''>', entitlements='(null)', teamID='V5L22ZZ8D6', identifier='com.onesignal.OneSignalExtension', executablePath='<DVTFilePath:0x600047890bd0:'/Users/gtech/Library/Developer/Xcode/Archives/2025-09-01/Ilo 01-09-25, 3.54 PM.xcarchive/Products/Applications/Ilo.app/Frameworks/OneSignalExtension.framework/OneSignalExtension'>', hardenedRuntime='0'>'> to: /var/folders/x9/dp7v3cfx17dbzl_tj532j2_c0000gn/T/XcodeDistPipeline.~~~BogpYd/entitlements~~~bb3SVe
2025-09-01 10:24:35 +0000  invoking codesign: <NSConcreteTask: 0x60007b281b30; launchPath='/usr/bin/codesign', arguments='(
    "-f",
    "-s",
    3FBD506D5351B9925B4476E9847AE37E46FB08A7,
    "--entitlements",
    "/var/folders/x9/dp7v3cfx17dbzl_tj532j2_c0000gn/T/XcodeDistPipeline.~~~BogpYd/entitlements~~~bb3SVe",
    "--preserve-metadata=identifier,flags,runtime",
    "--generate-entitlement-der",
    "--strip-disallowed-xattrs",
    "-vvv",
    "/var/folders/x9/dp7v3cfx17dbzl_tj532j2_c0000gn/T/XcodeDistPipeline.~~~BogpYd/Root/Payload/Ilo.app/Frameworks/OneSignalExtension.framework"
)'>
2025-09-01 10:24:36 +0000  codesign output: /var/folders/x9/dp7v3cfx17dbzl_tj532j2_c0000gn/T/XcodeDistPipeline.~~~BogpYd/Root/Payload/Ilo.app/Frameworks/OneSignalExtension.framework: replacing existing signature
/var/folders/x9/dp7v3cfx17dbzl_tj532j2_c0000gn/T/XcodeDistPipeline.~~~BogpYd/Root/Payload/Ilo.app/Frameworks/OneSignalExtension.framework: signed bundle with Mach-O thin (arm64) [com.onesignal.OneSignalExtension]
2025-09-01 10:24:36 +0000  Entitlements for <IDEDistributionItem: 0x60007767ea00; bundleID='com.onesignal.OneSignalOutcomes', path='<DVTFilePath:0x600047893e90:'/Users/gtech/Library/Developer/Xcode/Archives/2025-09-01/Ilo 01-09-25, 3.54 PM.xcarchive/Products/Applications/Ilo.app/Frameworks/OneSignalOutcomes.framework'>', codeSigningInfo='<_DVTCodeSigningInformation_Path: 0x60007b2b0fa0; isSigned='1', isAdHocSigned='0', signingCertificate='<DVTSigningCertificate: 0x60004268c3c0; name='Apple Development: Mohammed Asimkhan (GMFM4WLPF8)', hash='3FBD506D5351B9925B4476E9847AE37E46FB08A7', serialNumber='447FB797EED02C5F0C17751817510C0E', certificateKinds='(
    "1.2.840.113635.100.6.1.12",
    "1.2.840.113635.100.6.1.2"
), issueDate='2025-08-28 03:57:31 +0000''>', entitlements='(null)', teamID='V5L22ZZ8D6', identifier='com.onesignal.OneSignalOutcomes', executablePath='<DVTFilePath:0x600047890d20:'/Users/gtech/Library/Developer/Xcode/Archives/2025-09-01/Ilo 01-09-25, 3.54 PM.xcarchive/Products/Applications/Ilo.app/Frameworks/OneSignalOutcomes.framework/OneSignalOutcomes'>', hardenedRuntime='0'>'>: {
}
2025-09-01 10:24:36 +0000  Associated App Clip Identifiers Filter: Skipping because "com.apple.developer.associated-appclip-app-identifiers" is not present
2025-09-01 10:24:36 +0000  Entitlements for <IDEDistributionItem: 0x60007767ea00; bundleID='com.onesignal.OneSignalOutcomes', path='<DVTFilePath:0x600047893e90:'/Users/gtech/Library/Developer/Xcode/Archives/2025-09-01/Ilo 01-09-25, 3.54 PM.xcarchive/Products/Applications/Ilo.app/Frameworks/OneSignalOutcomes.framework'>', codeSigningInfo='<_DVTCodeSigningInformation_Path: 0x60007b2b0fa0; isSigned='1', isAdHocSigned='0', signingCertificate='<DVTSigningCertificate: 0x6000426a2f40; name='Apple Development: Mohammed Asimkhan (GMFM4WLPF8)', hash='3FBD506D5351B9925B4476E9847AE37E46FB08A7', serialNumber='447FB797EED02C5F0C17751817510C0E', certificateKinds='(
    "1.2.840.113635.100.6.1.12",
    "1.2.840.113635.100.6.1.2"
), issueDate='2025-08-28 03:57:31 +0000''>', entitlements='(null)', teamID='V5L22ZZ8D6', identifier='com.onesignal.OneSignalOutcomes', executablePath='<DVTFilePath:0x600047890d20:'/Users/gtech/Library/Developer/Xcode/Archives/2025-09-01/Ilo 01-09-25, 3.54 PM.xcarchive/Products/Applications/Ilo.app/Frameworks/OneSignalOutcomes.framework/OneSignalOutcomes'>', hardenedRuntime='0'>'> are: {
}
2025-09-01 10:24:36 +0000  Writing entitlements for <IDEDistributionItem: 0x60007767ea00; bundleID='com.onesignal.OneSignalOutcomes', path='<DVTFilePath:0x600047893e90:'/Users/gtech/Library/Developer/Xcode/Archives/2025-09-01/Ilo 01-09-25, 3.54 PM.xcarchive/Products/Applications/Ilo.app/Frameworks/OneSignalOutcomes.framework'>', codeSigningInfo='<_DVTCodeSigningInformation_Path: 0x60007b2b0fa0; isSigned='1', isAdHocSigned='0', signingCertificate='<DVTSigningCertificate: 0x6000426a1e00; name='Apple Development: Mohammed Asimkhan (GMFM4WLPF8)', hash='3FBD506D5351B9925B4476E9847AE37E46FB08A7', serialNumber='447FB797EED02C5F0C17751817510C0E', certificateKinds='(
    "1.2.840.113635.100.6.1.12",
    "1.2.840.113635.100.6.1.2"
), issueDate='2025-08-28 03:57:31 +0000''>', entitlements='(null)', teamID='V5L22ZZ8D6', identifier='com.onesignal.OneSignalOutcomes', executablePath='<DVTFilePath:0x600047890d20:'/Users/gtech/Library/Developer/Xcode/Archives/2025-09-01/Ilo 01-09-25, 3.54 PM.xcarchive/Products/Applications/Ilo.app/Frameworks/OneSignalOutcomes.framework/OneSignalOutcomes'>', hardenedRuntime='0'>'> to: /var/folders/x9/dp7v3cfx17dbzl_tj532j2_c0000gn/T/XcodeDistPipeline.~~~BogpYd/entitlements~~~Lj7vK1
2025-09-01 10:24:36 +0000  invoking codesign: <NSConcreteTask: 0x60007b2a1900; launchPath='/usr/bin/codesign', arguments='(
    "-f",
    "-s",
    3FBD506D5351B9925B4476E9847AE37E46FB08A7,
    "--entitlements",
    "/var/folders/x9/dp7v3cfx17dbzl_tj532j2_c0000gn/T/XcodeDistPipeline.~~~BogpYd/entitlements~~~Lj7vK1",
    "--preserve-metadata=identifier,flags,runtime",
    "--generate-entitlement-der",
    "--strip-disallowed-xattrs",
    "-vvv",
    "/var/folders/x9/dp7v3cfx17dbzl_tj532j2_c0000gn/T/XcodeDistPipeline.~~~BogpYd/Root/Payload/Ilo.app/Frameworks/OneSignalOutcomes.framework"
)'>
2025-09-01 10:24:36 +0000  codesign output: /var/folders/x9/dp7v3cfx17dbzl_tj532j2_c0000gn/T/XcodeDistPipeline.~~~BogpYd/Root/Payload/Ilo.app/Frameworks/OneSignalOutcomes.framework: replacing existing signature
/var/folders/x9/dp7v3cfx17dbzl_tj532j2_c0000gn/T/XcodeDistPipeline.~~~BogpYd/Root/Payload/Ilo.app/Frameworks/OneSignalOutcomes.framework: signed bundle with Mach-O thin (arm64) [com.onesignal.OneSignalOutcomes]
2025-09-01 10:24:36 +0000  Entitlements for <IDEDistributionItem: 0x600077626fa0; bundleID='com.razorpay.CheckoutOtpelf', path='<DVTFilePath:0x600047891030:'/Users/gtech/Library/Developer/Xcode/Archives/2025-09-01/Ilo 01-09-25, 3.54 PM.xcarchive/Products/Applications/Ilo.app/Frameworks/Razorpay.framework'>', codeSigningInfo='<_DVTCodeSigningInformation_Path: 0x60007b2b1e00; isSigned='1', isAdHocSigned='0', signingCertificate='<DVTSigningCertificate: 0x6000426a2f40; name='Apple Development: Mohammed Asimkhan (GMFM4WLPF8)', hash='3FBD506D5351B9925B4476E9847AE37E46FB08A7', serialNumber='447FB797EED02C5F0C17751817510C0E', certificateKinds='(
    "1.2.840.113635.100.6.1.12",
    "1.2.840.113635.100.6.1.2"
), issueDate='2025-08-28 03:57:31 +0000''>', entitlements='(null)', teamID='V5L22ZZ8D6', identifier='com.razorpay.CheckoutOtpelf', executablePath='<DVTFilePath:0x600063710c60:'/Users/gtech/Library/Developer/Xcode/Archives/2025-09-01/Ilo 01-09-25, 3.54 PM.xcarchive/Products/Applications/Ilo.app/Frameworks/Razorpay.framework/Razorpay'>', hardenedRuntime='0'>'>: {
}
2025-09-01 10:24:36 +0000  Associated App Clip Identifiers Filter: Skipping because "com.apple.developer.associated-appclip-app-identifiers" is not present
2025-09-01 10:24:36 +0000  Entitlements for <IDEDistributionItem: 0x600077626fa0; bundleID='com.razorpay.CheckoutOtpelf', path='<DVTFilePath:0x600047891030:'/Users/gtech/Library/Developer/Xcode/Archives/2025-09-01/Ilo 01-09-25, 3.54 PM.xcarchive/Products/Applications/Ilo.app/Frameworks/Razorpay.framework'>', codeSigningInfo='<_DVTCodeSigningInformation_Path: 0x60007b2b1e00; isSigned='1', isAdHocSigned='0', signingCertificate='<DVTSigningCertificate: 0x6000426a1e00; name='Apple Development: Mohammed Asimkhan (GMFM4WLPF8)', hash='3FBD506D5351B9925B4476E9847AE37E46FB08A7', serialNumber='447FB797EED02C5F0C17751817510C0E', certificateKinds='(
    "1.2.840.113635.100.6.1.12",
    "1.2.840.113635.100.6.1.2"
), issueDate='2025-08-28 03:57:31 +0000''>', entitlements='(null)', teamID='V5L22ZZ8D6', identifier='com.razorpay.CheckoutOtpelf', executablePath='<DVTFilePath:0x600063710c60:'/Users/gtech/Library/Developer/Xcode/Archives/2025-09-01/Ilo 01-09-25, 3.54 PM.xcarchive/Products/Applications/Ilo.app/Frameworks/Razorpay.framework/Razorpay'>', hardenedRuntime='0'>'> are: {
}
2025-09-01 10:24:36 +0000  Writing entitlements for <IDEDistributionItem: 0x600077626fa0; bundleID='com.razorpay.CheckoutOtpelf', path='<DVTFilePath:0x600047891030:'/Users/gtech/Library/Developer/Xcode/Archives/2025-09-01/Ilo 01-09-25, 3.54 PM.xcarchive/Products/Applications/Ilo.app/Frameworks/Razorpay.framework'>', codeSigningInfo='<_DVTCodeSigningInformation_Path: 0x60007b2b1e00; isSigned='1', isAdHocSigned='0', signingCertificate='<DVTSigningCertificate: 0x6000426a2580; name='Apple Development: Mohammed Asimkhan (GMFM4WLPF8)', hash='3FBD506D5351B9925B4476E9847AE37E46FB08A7', serialNumber='447FB797EED02C5F0C17751817510C0E', certificateKinds='(
    "1.2.840.113635.100.6.1.12",
    "1.2.840.113635.100.6.1.2"
), issueDate='2025-08-28 03:57:31 +0000''>', entitlements='(null)', teamID='V5L22ZZ8D6', identifier='com.razorpay.CheckoutOtpelf', executablePath='<DVTFilePath:0x600063710c60:'/Users/gtech/Library/Developer/Xcode/Archives/2025-09-01/Ilo 01-09-25, 3.54 PM.xcarchive/Products/Applications/Ilo.app/Frameworks/Razorpay.framework/Razorpay'>', hardenedRuntime='0'>'> to: /var/folders/x9/dp7v3cfx17dbzl_tj532j2_c0000gn/T/XcodeDistPipeline.~~~BogpYd/entitlements~~~eXn5Gc
2025-09-01 10:24:36 +0000  invoking codesign: <NSConcreteTask: 0x60007b2a0a50; launchPath='/usr/bin/codesign', arguments='(
    "-f",
    "-s",
    3FBD506D5351B9925B4476E9847AE37E46FB08A7,
    "--entitlements",
    "/var/folders/x9/dp7v3cfx17dbzl_tj532j2_c0000gn/T/XcodeDistPipeline.~~~BogpYd/entitlements~~~eXn5Gc",
    "--preserve-metadata=identifier,flags,runtime",
    "--generate-entitlement-der",
    "--strip-disallowed-xattrs",
    "-vvv",
    "/var/folders/x9/dp7v3cfx17dbzl_tj532j2_c0000gn/T/XcodeDistPipeline.~~~BogpYd/Root/Payload/Ilo.app/Frameworks/Razorpay.framework"
)'>
2025-09-01 10:24:36 +0000  codesign output: /var/folders/x9/dp7v3cfx17dbzl_tj532j2_c0000gn/T/XcodeDistPipeline.~~~BogpYd/Root/Payload/Ilo.app/Frameworks/Razorpay.framework: replacing existing signature
/var/folders/x9/dp7v3cfx17dbzl_tj532j2_c0000gn/T/XcodeDistPipeline.~~~BogpYd/Root/Payload/Ilo.app/Frameworks/Razorpay.framework: signed bundle with Mach-O thin (arm64) [com.razorpay.CheckoutOtpelf]
2025-09-01 10:24:36 +0000  Entitlements for <IDEDistributionItem: 0x60007762c180; bundleID='com.apple.dt.runtime.swiftConcurrency', path='<DVTFilePath:0x600047891e30:'/Users/gtech/Library/Developer/Xcode/Archives/2025-09-01/Ilo 01-09-25, 3.54 PM.xcarchive/Products/Applications/Ilo.app/Frameworks/libswift_Concurrency.dylib'>', codeSigningInfo='<_DVTCodeSigningInformation_Path: 0x60007b38fca0; isSigned='1', isAdHocSigned='0', signingCertificate='<DVTSigningCertificate: 0x6000426a2f40; name='Apple Development: Mohammed Asimkhan (GMFM4WLPF8)', hash='3FBD506D5351B9925B4476E9847AE37E46FB08A7', serialNumber='447FB797EED02C5F0C17751817510C0E', certificateKinds='(
    "1.2.840.113635.100.6.1.12",
    "1.2.840.113635.100.6.1.2"
), issueDate='2025-08-28 03:57:31 +0000''>', entitlements='(null)', teamID='V5L22ZZ8D6', identifier='com.apple.dt.runtime.swiftConcurrency', executablePath='<DVTFilePath:0x600047891e30:'/Users/gtech/Library/Developer/Xcode/Archives/2025-09-01/Ilo 01-09-25, 3.54 PM.xcarchive/Products/Applications/Ilo.app/Frameworks/libswift_Concurrency.dylib'>', hardenedRuntime='0'>'>: {
}
2025-09-01 10:24:36 +0000  Associated App Clip Identifiers Filter: Skipping because "com.apple.developer.associated-appclip-app-identifiers" is not present
2025-09-01 10:24:36 +0000  Entitlements for <IDEDistributionItem: 0x60007762c180; bundleID='com.apple.dt.runtime.swiftConcurrency', path='<DVTFilePath:0x600047891e30:'/Users/gtech/Library/Developer/Xcode/Archives/2025-09-01/Ilo 01-09-25, 3.54 PM.xcarchive/Products/Applications/Ilo.app/Frameworks/libswift_Concurrency.dylib'>', codeSigningInfo='<_DVTCodeSigningInformation_Path: 0x60007b38fca0; isSigned='1', isAdHocSigned='0', signingCertificate='<DVTSigningCertificate: 0x6000426a1e00; name='Apple Development: Mohammed Asimkhan (GMFM4WLPF8)', hash='3FBD506D5351B9925B4476E9847AE37E46FB08A7', serialNumber='447FB797EED02C5F0C17751817510C0E', certificateKinds='(
    "1.2.840.113635.100.6.1.12",
    "1.2.840.113635.100.6.1.2"
), issueDate='2025-08-28 03:57:31 +0000''>', entitlements='(null)', teamID='V5L22ZZ8D6', identifier='com.apple.dt.runtime.swiftConcurrency', executablePath='<DVTFilePath:0x600047891e30:'/Users/gtech/Library/Developer/Xcode/Archives/2025-09-01/Ilo 01-09-25, 3.54 PM.xcarchive/Products/Applications/Ilo.app/Frameworks/libswift_Concurrency.dylib'>', hardenedRuntime='0'>'> are: {
}
2025-09-01 10:24:36 +0000  Writing entitlements for <IDEDistributionItem: 0x60007762c180; bundleID='com.apple.dt.runtime.swiftConcurrency', path='<DVTFilePath:0x600047891e30:'/Users/gtech/Library/Developer/Xcode/Archives/2025-09-01/Ilo 01-09-25, 3.54 PM.xcarchive/Products/Applications/Ilo.app/Frameworks/libswift_Concurrency.dylib'>', codeSigningInfo='<_DVTCodeSigningInformation_Path: 0x60007b38fca0; isSigned='1', isAdHocSigned='0', signingCertificate='<DVTSigningCertificate: 0x6000426a2580; name='Apple Development: Mohammed Asimkhan (GMFM4WLPF8)', hash='3FBD506D5351B9925B4476E9847AE37E46FB08A7', serialNumber='447FB797EED02C5F0C17751817510C0E', certificateKinds='(
    "1.2.840.113635.100.6.1.12",
    "1.2.840.113635.100.6.1.2"
), issueDate='2025-08-28 03:57:31 +0000''>', entitlements='(null)', teamID='V5L22ZZ8D6', identifier='com.apple.dt.runtime.swiftConcurrency', executablePath='<DVTFilePath:0x600047891e30:'/Users/gtech/Library/Developer/Xcode/Archives/2025-09-01/Ilo 01-09-25, 3.54 PM.xcarchive/Products/Applications/Ilo.app/Frameworks/libswift_Concurrency.dylib'>', hardenedRuntime='0'>'> to: /var/folders/x9/dp7v3cfx17dbzl_tj532j2_c0000gn/T/XcodeDistPipeline.~~~BogpYd/entitlements~~~eEGmT1
2025-09-01 10:24:36 +0000  invoking codesign: <NSConcreteTask: 0x60007b2a0730; launchPath='/usr/bin/codesign', arguments='(
    "-f",
    "-s",
    3FBD506D5351B9925B4476E9847AE37E46FB08A7,
    "--entitlements",
    "/var/folders/x9/dp7v3cfx17dbzl_tj532j2_c0000gn/T/XcodeDistPipeline.~~~BogpYd/entitlements~~~eEGmT1",
    "--preserve-metadata=identifier,flags,runtime",
    "--generate-entitlement-der",
    "--strip-disallowed-xattrs",
    "-vvv",
    "/var/folders/x9/dp7v3cfx17dbzl_tj532j2_c0000gn/T/XcodeDistPipeline.~~~BogpYd/Root/Payload/Ilo.app/Frameworks/libswift_Concurrency.dylib"
)'>
2025-09-01 10:24:36 +0000  codesign output: /var/folders/x9/dp7v3cfx17dbzl_tj532j2_c0000gn/T/XcodeDistPipeline.~~~BogpYd/Root/Payload/Ilo.app/Frameworks/libswift_Concurrency.dylib: replacing existing signature
/var/folders/x9/dp7v3cfx17dbzl_tj532j2_c0000gn/T/XcodeDistPipeline.~~~BogpYd/Root/Payload/Ilo.app/Frameworks/libswift_Concurrency.dylib: signed Mach-O thin (arm64) [com.apple.dt.runtime.swiftConcurrency]
2025-09-01 10:24:36 +0000  Entitlements for <IDEDistributionItem: 0x60007762c360; bundleID='com.ilo.ios.OneSignalNotificationServiceExtension', path='<DVTFilePath:0x60008bf1a900:'/Users/gtech/Library/Developer/Xcode/Archives/2025-09-01/Ilo 01-09-25, 3.54 PM.xcarchive/Products/Applications/Ilo.app/PlugIns/OneSignalNotificationServiceExtension.appex'>', codeSigningInfo='<_DVTCodeSigningInformation_Path: 0x60007b2b1e50; isSigned='1', isAdHocSigned='0', signingCertificate='<DVTSigningCertificate: 0x6000426a1e00; name='Apple Development: Mohammed Asimkhan (GMFM4WLPF8)', hash='3FBD506D5351B9925B4476E9847AE37E46FB08A7', serialNumber='447FB797EED02C5F0C17751817510C0E', certificateKinds='(
    "1.2.840.113635.100.6.1.12",
    "1.2.840.113635.100.6.1.2"
), issueDate='2025-08-28 03:57:31 +0000''>', entitlements='{
    "application-identifier" = "V5L22ZZ8D6.com.ilo.ios.OneSignalNotificationServiceExtension";
    "com.apple.developer.team-identifier" = V5L22ZZ8D6;
    "com.apple.security.application-groups" =     (
        "group.com.ilo.ios.onesignal"
    );
    "get-task-allow" = 1;
}', teamID='V5L22ZZ8D6', identifier='com.ilo.ios.OneSignalNotificationServiceExtension', executablePath='<DVTFilePath:0x60008bf1aa80:'/Users/gtech/Library/Developer/Xcode/Archives/2025-09-01/Ilo 01-09-25, 3.54 PM.xcarchive/Products/Applications/Ilo.app/PlugIns/OneSignalNotificationServiceExtension.appex/OneSignalNotificationServiceExtension'>', hardenedRuntime='0'>'>: {
    "application-identifier" = "V5L22ZZ8D6.com.ilo.ios.OneSignalNotificationServiceExtension";
    "com.apple.developer.team-identifier" = V5L22ZZ8D6;
    "com.apple.security.application-groups" =     (
        "group.com.ilo.ios.onesignal"
    );
    "get-task-allow" = 1;
}
2025-09-01 10:24:36 +0000  Associated App Clip Identifiers Filter: Skipping because "com.apple.developer.associated-appclip-app-identifiers" is not present
2025-09-01 10:24:36 +0000  Entitlements for <IDEDistributionItem: 0x60007762c360; bundleID='com.ilo.ios.OneSignalNotificationServiceExtension', path='<DVTFilePath:0x60008bf1a900:'/Users/gtech/Library/Developer/Xcode/Archives/2025-09-01/Ilo 01-09-25, 3.54 PM.xcarchive/Products/Applications/Ilo.app/PlugIns/OneSignalNotificationServiceExtension.appex'>', codeSigningInfo='<_DVTCodeSigningInformation_Path: 0x60007b2b1e50; isSigned='1', isAdHocSigned='0', signingCertificate='<DVTSigningCertificate: 0x60004268c540; name='Apple Development: Mohammed Asimkhan (GMFM4WLPF8)', hash='3FBD506D5351B9925B4476E9847AE37E46FB08A7', serialNumber='447FB797EED02C5F0C17751817510C0E', certificateKinds='(
    "1.2.840.113635.100.6.1.12",
    "1.2.840.113635.100.6.1.2"
), issueDate='2025-08-28 03:57:31 +0000''>', entitlements='{
    "application-identifier" = "V5L22ZZ8D6.com.ilo.ios.OneSignalNotificationServiceExtension";
    "com.apple.developer.team-identifier" = V5L22ZZ8D6;
    "com.apple.security.application-groups" =     (
        "group.com.ilo.ios.onesignal"
    );
    "get-task-allow" = 1;
}', teamID='V5L22ZZ8D6', identifier='com.ilo.ios.OneSignalNotificationServiceExtension', executablePath='<DVTFilePath:0x60008bf1aa80:'/Users/gtech/Library/Developer/Xcode/Archives/2025-09-01/Ilo 01-09-25, 3.54 PM.xcarchive/Products/Applications/Ilo.app/PlugIns/OneSignalNotificationServiceExtension.appex/OneSignalNotificationServiceExtension'>', hardenedRuntime='0'>'> are: {
    "application-identifier" = "V5L22ZZ8D6.com.ilo.ios.OneSignalNotificationServiceExtension";
    "com.apple.developer.team-identifier" = V5L22ZZ8D6;
    "com.apple.security.application-groups" =     (
        "group.com.ilo.ios.onesignal"
    );
    "get-task-allow" = 1;
}
2025-09-01 10:24:36 +0000  Writing entitlements for <IDEDistributionItem: 0x60007762c360; bundleID='com.ilo.ios.OneSignalNotificationServiceExtension', path='<DVTFilePath:0x60008bf1a900:'/Users/gtech/Library/Developer/Xcode/Archives/2025-09-01/Ilo 01-09-25, 3.54 PM.xcarchive/Products/Applications/Ilo.app/PlugIns/OneSignalNotificationServiceExtension.appex'>', codeSigningInfo='<_DVTCodeSigningInformation_Path: 0x60007b2b1e50; isSigned='1', isAdHocSigned='0', signingCertificate='<DVTSigningCertificate: 0x6000426a2580; name='Apple Development: Mohammed Asimkhan (GMFM4WLPF8)', hash='3FBD506D5351B9925B4476E9847AE37E46FB08A7', serialNumber='447FB797EED02C5F0C17751817510C0E', certificateKinds='(
    "1.2.840.113635.100.6.1.12",
    "1.2.840.113635.100.6.1.2"
), issueDate='2025-08-28 03:57:31 +0000''>', entitlements='{
    "application-identifier" = "V5L22ZZ8D6.com.ilo.ios.OneSignalNotificationServiceExtension";
    "com.apple.developer.team-identifier" = V5L22ZZ8D6;
    "com.apple.security.application-groups" =     (
        "group.com.ilo.ios.onesignal"
    );
    "get-task-allow" = 1;
}', teamID='V5L22ZZ8D6', identifier='com.ilo.ios.OneSignalNotificationServiceExtension', executablePath='<DVTFilePath:0x60008bf1aa80:'/Users/gtech/Library/Developer/Xcode/Archives/2025-09-01/Ilo 01-09-25, 3.54 PM.xcarchive/Products/Applications/Ilo.app/PlugIns/OneSignalNotificationServiceExtension.appex/OneSignalNotificationServiceExtension'>', hardenedRuntime='0'>'> to: /var/folders/x9/dp7v3cfx17dbzl_tj532j2_c0000gn/T/XcodeDistPipeline.~~~BogpYd/entitlements~~~N1uf5p
2025-09-01 10:24:36 +0000  invoking codesign: <NSConcreteTask: 0x60007b2a1a90; launchPath='/usr/bin/codesign', arguments='(
    "-f",
    "-s",
    3FBD506D5351B9925B4476E9847AE37E46FB08A7,
    "--entitlements",
    "/var/folders/x9/dp7v3cfx17dbzl_tj532j2_c0000gn/T/XcodeDistPipeline.~~~BogpYd/entitlements~~~N1uf5p",
    "--preserve-metadata=identifier,flags,runtime",
    "--generate-entitlement-der",
    "--strip-disallowed-xattrs",
    "-vvv",
    "/var/folders/x9/dp7v3cfx17dbzl_tj532j2_c0000gn/T/XcodeDistPipeline.~~~BogpYd/Root/Payload/Ilo.app/PlugIns/OneSignalNotificationServiceExtension.appex"
)'>
2025-09-01 10:24:36 +0000  codesign output: /var/folders/x9/dp7v3cfx17dbzl_tj532j2_c0000gn/T/XcodeDistPipeline.~~~BogpYd/Root/Payload/Ilo.app/PlugIns/OneSignalNotificationServiceExtension.appex: replacing existing signature
/var/folders/x9/dp7v3cfx17dbzl_tj532j2_c0000gn/T/XcodeDistPipeline.~~~BogpYd/Root/Payload/Ilo.app/PlugIns/OneSignalNotificationServiceExtension.appex: signed bundle with Mach-O thin (arm64) [com.ilo.ios.OneSignalNotificationServiceExtension]
2025-09-01 10:24:36 +0000  Entitlements for <IDEDistributionItem: 0x600063639140; bundleID='com.ilo.ios', path='<DVTFilePath:0x60007771de60:'/Users/gtech/Library/Developer/Xcode/Archives/2025-09-01/Ilo 01-09-25, 3.54 PM.xcarchive/Products/Applications/Ilo.app'>', codeSigningInfo='<_DVTCodeSigningInformation_Path: 0x60007b2b2580; isSigned='1', isAdHocSigned='0', signingCertificate='<DVTSigningCertificate: 0x6000426a1e00; name='Apple Development: Mohammed Asimkhan (GMFM4WLPF8)', hash='3FBD506D5351B9925B4476E9847AE37E46FB08A7', serialNumber='447FB797EED02C5F0C17751817510C0E', certificateKinds='(
    "1.2.840.113635.100.6.1.12",
    "1.2.840.113635.100.6.1.2"
), issueDate='2025-08-28 03:57:31 +0000''>', entitlements='{
    "application-identifier" = "V5L22ZZ8D6.com.ilo.ios";
    "aps-environment" = development;
    "com.apple.developer.team-identifier" = V5L22ZZ8D6;
    "com.apple.security.application-groups" =     (
        "group.com.ilo.ios.onesignal"
    );
    "get-task-allow" = 1;
}', teamID='V5L22ZZ8D6', identifier='com.ilo.ios', executablePath='<DVTFilePath:0x60007771cba0:'/Users/gtech/Library/Developer/Xcode/Archives/2025-09-01/Ilo 01-09-25, 3.54 PM.xcarchive/Products/Applications/Ilo.app/Ilo'>', hardenedRuntime='0'>'>: {
    "application-identifier" = "V5L22ZZ8D6.com.ilo.ios";
    "aps-environment" = development;
    "com.apple.developer.team-identifier" = V5L22ZZ8D6;
    "com.apple.security.application-groups" =     (
        "group.com.ilo.ios.onesignal"
    );
    "get-task-allow" = 1;
}
2025-09-01 10:24:36 +0000  Associated App Clip Identifiers Filter: Skipping because "com.apple.developer.associated-appclip-app-identifiers" is not present
2025-09-01 10:24:36 +0000  Entitlements for <IDEDistributionItem: 0x600063639140; bundleID='com.ilo.ios', path='<DVTFilePath:0x60007771de60:'/Users/gtech/Library/Developer/Xcode/Archives/2025-09-01/Ilo 01-09-25, 3.54 PM.xcarchive/Products/Applications/Ilo.app'>', codeSigningInfo='<_DVTCodeSigningInformation_Path: 0x60007b2b2580; isSigned='1', isAdHocSigned='0', signingCertificate='<DVTSigningCertificate: 0x6000426a2580; name='Apple Development: Mohammed Asimkhan (GMFM4WLPF8)', hash='3FBD506D5351B9925B4476E9847AE37E46FB08A7', serialNumber='447FB797EED02C5F0C17751817510C0E', certificateKinds='(
    "1.2.840.113635.100.6.1.12",
    "1.2.840.113635.100.6.1.2"
), issueDate='2025-08-28 03:57:31 +0000''>', entitlements='{
    "application-identifier" = "V5L22ZZ8D6.com.ilo.ios";
    "aps-environment" = development;
    "com.apple.developer.team-identifier" = V5L22ZZ8D6;
    "com.apple.security.application-groups" =     (
        "group.com.ilo.ios.onesignal"
    );
    "get-task-allow" = 1;
}', teamID='V5L22ZZ8D6', identifier='com.ilo.ios', executablePath='<DVTFilePath:0x60007771cba0:'/Users/gtech/Library/Developer/Xcode/Archives/2025-09-01/Ilo 01-09-25, 3.54 PM.xcarchive/Products/Applications/Ilo.app/Ilo'>', hardenedRuntime='0'>'> are: {
    "application-identifier" = "V5L22ZZ8D6.com.ilo.ios";
    "aps-environment" = development;
    "com.apple.developer.team-identifier" = V5L22ZZ8D6;
    "com.apple.security.application-groups" =     (
        "group.com.ilo.ios.onesignal"
    );
    "get-task-allow" = 1;
}
2025-09-01 10:24:36 +0000  Writing entitlements for <IDEDistributionItem: 0x600063639140; bundleID='com.ilo.ios', path='<DVTFilePath:0x60007771de60:'/Users/gtech/Library/Developer/Xcode/Archives/2025-09-01/Ilo 01-09-25, 3.54 PM.xcarchive/Products/Applications/Ilo.app'>', codeSigningInfo='<_DVTCodeSigningInformation_Path: 0x60007b2b2580; isSigned='1', isAdHocSigned='0', signingCertificate='<DVTSigningCertificate: 0x6000426a2280; name='Apple Development: Mohammed Asimkhan (GMFM4WLPF8)', hash='3FBD506D5351B9925B4476E9847AE37E46FB08A7', serialNumber='447FB797EED02C5F0C17751817510C0E', certificateKinds='(
    "1.2.840.113635.100.6.1.12",
    "1.2.840.113635.100.6.1.2"
), issueDate='2025-08-28 03:57:31 +0000''>', entitlements='{
    "application-identifier" = "V5L22ZZ8D6.com.ilo.ios";
    "aps-environment" = development;
    "com.apple.developer.team-identifier" = V5L22ZZ8D6;
    "com.apple.security.application-groups" =     (
        "group.com.ilo.ios.onesignal"
    );
    "get-task-allow" = 1;
}', teamID='V5L22ZZ8D6', identifier='com.ilo.ios', executablePath='<DVTFilePath:0x60007771cba0:'/Users/gtech/Library/Developer/Xcode/Archives/2025-09-01/Ilo 01-09-25, 3.54 PM.xcarchive/Products/Applications/Ilo.app/Ilo'>', hardenedRuntime='0'>'> to: /var/folders/x9/dp7v3cfx17dbzl_tj532j2_c0000gn/T/XcodeDistPipeline.~~~BogpYd/entitlements~~~CEtJMe
2025-09-01 10:24:36 +0000  invoking codesign: <NSConcreteTask: 0x60007b2a1540; launchPath='/usr/bin/codesign', arguments='(
    "-f",
    "-s",
    3FBD506D5351B9925B4476E9847AE37E46FB08A7,
    "--entitlements",
    "/var/folders/x9/dp7v3cfx17dbzl_tj532j2_c0000gn/T/XcodeDistPipeline.~~~BogpYd/entitlements~~~CEtJMe",
    "--preserve-metadata=identifier,flags,runtime",
    "--generate-entitlement-der",
    "--strip-disallowed-xattrs",
    "-vvv",
    "/var/folders/x9/dp7v3cfx17dbzl_tj532j2_c0000gn/T/XcodeDistPipeline.~~~BogpYd/Root/Payload/Ilo.app"
)'>
2025-09-01 10:24:36 +0000  codesign output: /var/folders/x9/dp7v3cfx17dbzl_tj532j2_c0000gn/T/XcodeDistPipeline.~~~BogpYd/Root/Payload/Ilo.app: replacing existing signature
/var/folders/x9/dp7v3cfx17dbzl_tj532j2_c0000gn/T/XcodeDistPipeline.~~~BogpYd/Root/Payload/Ilo.app: signed app bundle with Mach-O thin (arm64) [com.ilo.ios]
2025-09-01 10:24:36 +0000  Processing step: IDEDistributionZipODRItemStep
2025-09-01 10:24:36 +0000  Skipping step: IDEDistributionZipODRItemStep because it said so
2025-09-01 10:24:36 +0000  Skipping step: IDEDistributionZipODRItemStep because it said so
2025-09-01 10:24:36 +0000  Skipping step: IDEDistributionZipODRItemStep because it said so
2025-09-01 10:24:36 +0000  Skipping step: IDEDistributionZipODRItemStep because it said so
2025-09-01 10:24:36 +0000  Skipping step: IDEDistributionZipODRItemStep because it said so
2025-09-01 10:24:36 +0000  Skipping step: IDEDistributionZipODRItemStep because it said so
2025-09-01 10:24:36 +0000  Skipping step: IDEDistributionZipODRItemStep because it said so
2025-09-01 10:24:36 +0000  Skipping step: IDEDistributionZipODRItemStep because it said so
2025-09-01 10:24:36 +0000  Processing step: IDEDistributionCreateIPAStep
2025-09-01 10:24:36 +0000  Running /usr/bin/ditto '-V' '-c' '-k' '--norsrc' '/var/folders/x9/dp7v3cfx17dbzl_tj532j2_c0000gn/T/XcodeDistPipeline.~~~BogpYd/Root' '/var/folders/x9/dp7v3cfx17dbzl_tj532j2_c0000gn/T/XcodeDistPipeline.~~~BogpYd/Packages/Ilo.ipa'
2025-09-01 10:24:36 +0000  >>> Copying /var/folders/x9/dp7v3cfx17dbzl_tj532j2_c0000gn/T/XcodeDistPipeline.~~~BogpYd/Root 
2025-09-01 10:24:36 +0000  copying file ./Payload/Ilo.app/_CodeSignature/CodeResources ... 
2025-09-01 10:24:36 +0000  117370 bytes for ./Payload/Ilo.app/_CodeSignature/CodeResources
2025-09-01 10:24:36 +0000  copying file ./Payload/Ilo.app/Fontisto.ttf ... 
2025-09-01 10:24:36 +0000  313528 bytes for ./Payload/Ilo.app/Fontisto.ttf
2025-09-01 10:24:36 +0000  copying file ./Payload/Ilo.app/Octicons.ttf ... 
2025-09-01 10:24:36 +0000  49404 bytes for ./Payload/Ilo.app/Octicons.ttf
2025-09-01 10:24:36 +0000  copying file ./Payload/Ilo.app/Feather.ttf ... 
2025-09-01 10:24:36 +0000  56228 bytes for ./Payload/Ilo.app/Feather.ttf
2025-09-01 10:24:36 +0000  copying file ./Payload/Ilo.app/FirebaseCore_Privacy.bundle/PrivacyInfo.xcprivacy ... 
2025-09-01 10:24:36 +0000  855 bytes for ./Payload/Ilo.app/FirebaseCore_Privacy.bundle/PrivacyInfo.xcprivacy
2025-09-01 10:24:36 +0000  copying file ./Payload/Ilo.app/FirebaseCore_Privacy.bundle/Info.plist ... 
2025-09-01 10:24:36 +0000  791 bytes for ./Payload/Ilo.app/FirebaseCore_Privacy.bundle/Info.plist
2025-09-01 10:24:36 +0000  copying file ./Payload/Ilo.app/Entypo.ttf ... 
2025-09-01 10:24:36 +0000  66200 bytes for ./Payload/Ilo.app/Entypo.ttf
2025-09-01 10:24:36 +0000  copying file ./Payload/Ilo.app/LottiePrivacyInfo.bundle/PrivacyInfo.xcprivacy ... 
2025-09-01 10:24:36 +0000  599 bytes for ./Payload/Ilo.app/LottiePrivacyInfo.bundle/PrivacyInfo.xcprivacy
2025-09-01 10:24:36 +0000  copying file ./Payload/Ilo.app/LottiePrivacyInfo.bundle/Info.plist ... 
2025-09-01 10:24:36 +0000  783 bytes for ./Payload/Ilo.app/LottiePrivacyInfo.bundle/Info.plist
2025-09-01 10:24:36 +0000  copying file ./Payload/Ilo.app/FontAwesome5_Brands.ttf ... 
2025-09-01 10:24:36 +0000  134040 bytes for ./Payload/Ilo.app/FontAwesome5_Brands.ttf
2025-09-01 10:24:36 +0000  copying file ./Payload/Ilo.app/MaterialCommunityIcons.ttf ... 
2025-09-01 10:24:36 +0000  1147844 bytes for ./Payload/Ilo.app/MaterialCommunityIcons.ttf
2025-09-01 10:24:36 +0000  copying file ./Payload/Ilo.app/FBLPromises_Privacy.bundle/PrivacyInfo.xcprivacy ... 
2025-09-01 10:24:36 +0000  373 bytes for ./Payload/Ilo.app/FBLPromises_Privacy.bundle/PrivacyInfo.xcprivacy
copying file ./Payload/Ilo.app/FBLPromises_Privacy.bundle/Info.plist ... 
2025-09-01 10:24:36 +0000  787 bytes for ./Payload/Ilo.app/FBLPromises_Privacy.bundle/Info.plist
2025-09-01 10:24:36 +0000  copying file ./Payload/Ilo.app/PlugIns/OneSignalNotificationServiceExtension.appex/_CodeSignature/CodeResources ... 
2025-09-01 10:24:36 +0000  5368 bytes for ./Payload/Ilo.app/PlugIns/OneSignalNotificationServiceExtension.appex/_CodeSignature/CodeResources
2025-09-01 10:24:36 +0000  copying file ./Payload/Ilo.app/PlugIns/OneSignalNotificationServiceExtension.appex/FirebaseCore_Privacy.bundle/PrivacyInfo.xcprivacy ... 
2025-09-01 10:24:36 +0000  855 bytes for ./Payload/Ilo.app/PlugIns/OneSignalNotificationServiceExtension.appex/FirebaseCore_Privacy.bundle/PrivacyInfo.xcprivacy
2025-09-01 10:24:36 +0000  copying file ./Payload/Ilo.app/PlugIns/OneSignalNotificationServiceExtension.appex/FirebaseCore_Privacy.bundle/Info.plist ... 
2025-09-01 10:24:36 +0000  791 bytes for ./Payload/Ilo.app/PlugIns/OneSignalNotificationServiceExtension.appex/FirebaseCore_Privacy.bundle/Info.plist
2025-09-01 10:24:36 +0000  copying file ./Payload/Ilo.app/PlugIns/OneSignalNotificationServiceExtension.appex/FBLPromises_Privacy.bundle/PrivacyInfo.xcprivacy ... 
2025-09-01 10:24:36 +0000  373 bytes for ./Payload/Ilo.app/PlugIns/OneSignalNotificationServiceExtension.appex/FBLPromises_Privacy.bundle/PrivacyInfo.xcprivacy
2025-09-01 10:24:36 +0000  copying file ./Payload/Ilo.app/PlugIns/OneSignalNotificationServiceExtension.appex/FBLPromises_Privacy.bundle/Info.plist ... 
2025-09-01 10:24:36 +0000  787 bytes for ./Payload/Ilo.app/PlugIns/OneSignalNotificationServiceExtension.appex/FBLPromises_Privacy.bundle/Info.plist
2025-09-01 10:24:36 +0000  copying file ./Payload/Ilo.app/PlugIns/OneSignalNotificationServiceExtension.appex/FirebaseCoreInternal_Privacy.bundle/PrivacyInfo.xcprivacy ... 
2025-09-01 10:24:36 +0000  855 bytes for ./Payload/Ilo.app/PlugIns/OneSignalNotificationServiceExtension.appex/FirebaseCoreInternal_Privacy.bundle/PrivacyInfo.xcprivacy
2025-09-01 10:24:36 +0000  copying file ./Payload/Ilo.app/PlugIns/OneSignalNotificationServiceExtension.appex/FirebaseCoreInternal_Privacy.bundle/Info.plist ... 
2025-09-01 10:24:36 +0000  807 bytes for ./Payload/Ilo.app/PlugIns/OneSignalNotificationServiceExtension.appex/FirebaseCoreInternal_Privacy.bundle/Info.plist
2025-09-01 10:24:36 +0000  copying file ./Payload/Ilo.app/PlugIns/OneSignalNotificationServiceExtension.appex/OneSignalNotificationServiceExtension ... 
2025-09-01 10:24:36 +0000  1837920 bytes for ./Payload/Ilo.app/PlugIns/OneSignalNotificationServiceExtension.appex/OneSignalNotificationServiceExtension
2025-09-01 10:24:36 +0000  copying file ./Payload/Ilo.app/PlugIns/OneSignalNotificationServiceExtension.appex/nanopb_Privacy.bundle/PrivacyInfo.xcprivacy ... 
2025-09-01 10:24:36 +0000  374 bytes for ./Payload/Ilo.app/PlugIns/OneSignalNotificationServiceExtension.appex/nanopb_Privacy.bundle/PrivacyInfo.xcprivacy
copying file ./Payload/Ilo.app/PlugIns/OneSignalNotificationServiceExtension.appex/nanopb_Privacy.bundle/Info.plist ... 
2025-09-01 10:24:36 +0000  779 bytes for ./Payload/Ilo.app/PlugIns/OneSignalNotificationServiceExtension.appex/nanopb_Privacy.bundle/Info.plist
2025-09-01 10:24:36 +0000  copying file ./Payload/Ilo.app/PlugIns/OneSignalNotificationServiceExtension.appex/FirebaseInstallations_Privacy.bundle/PrivacyInfo.xcprivacy ... 
2025-09-01 10:24:36 +0000  1105 bytes for ./Payload/Ilo.app/PlugIns/OneSignalNotificationServiceExtension.appex/FirebaseInstallations_Privacy.bundle/PrivacyInfo.xcprivacy
2025-09-01 10:24:36 +0000  copying file ./Payload/Ilo.app/PlugIns/OneSignalNotificationServiceExtension.appex/FirebaseInstallations_Privacy.bundle/Info.plist ... 
2025-09-01 10:24:36 +0000  809 bytes for ./Payload/Ilo.app/PlugIns/OneSignalNotificationServiceExtension.appex/FirebaseInstallations_Privacy.bundle/Info.plist
2025-09-01 10:24:36 +0000  copying file ./Payload/Ilo.app/PlugIns/OneSignalNotificationServiceExtension.appex/GoogleUtilities_Privacy.bundle/PrivacyInfo.xcprivacy ... 
2025-09-01 10:24:36 +0000  1289 bytes for ./Payload/Ilo.app/PlugIns/OneSignalNotificationServiceExtension.appex/GoogleUtilities_Privacy.bundle/PrivacyInfo.xcprivacy
2025-09-01 10:24:36 +0000  copying file ./Payload/Ilo.app/PlugIns/OneSignalNotificationServiceExtension.appex/GoogleUtilities_Privacy.bundle/Info.plist ... 
2025-09-01 10:24:36 +0000  796 bytes for ./Payload/Ilo.app/PlugIns/OneSignalNotificationServiceExtension.appex/GoogleUtilities_Privacy.bundle/Info.plist
2025-09-01 10:24:36 +0000  copying file ./Payload/Ilo.app/PlugIns/OneSignalNotificationServiceExtension.appex/embedded.mobileprovision ... 
2025-09-01 10:24:36 +0000  15605 bytes for ./Payload/Ilo.app/PlugIns/OneSignalNotificationServiceExtension.appex/embedded.mobileprovision
2025-09-01 10:24:36 +0000  copying file ./Payload/Ilo.app/PlugIns/OneSignalNotificationServiceExtension.appex/Info.plist ... 
2025-09-01 10:24:36 +0000  1025 bytes for ./Payload/Ilo.app/PlugIns/OneSignalNotificationServiceExtension.appex/Info.plist
2025-09-01 10:24:36 +0000  copying file ./Payload/Ilo.app/AntDesign.ttf ... 
2025-09-01 10:24:36 +0000  70344 bytes for ./Payload/Ilo.app/AntDesign.ttf
2025-09-01 10:24:36 +0000  copying file ./Payload/Ilo.app/Lottie_React_Native_Privacy.bundle/PrivacyInfo.xcprivacy ... 
2025-09-01 10:24:36 +0000  373 bytes for ./Payload/Ilo.app/Lottie_React_Native_Privacy.bundle/PrivacyInfo.xcprivacy
copying file ./Payload/Ilo.app/Lottie_React_Native_Privacy.bundle/Info.plist ... 
2025-09-01 10:24:36 +0000  803 bytes for ./Payload/Ilo.app/Lottie_React_Native_Privacy.bundle/Info.plist
2025-09-01 10:24:36 +0000  copying file ./Payload/Ilo.app/Foundation.ttf ... 
2025-09-01 10:24:36 +0000  56976 bytes for ./Payload/Ilo.app/Foundation.ttf
2025-09-01 10:24:36 +0000  copying file ./Payload/Ilo.app/Ionicons.ttf ... 
2025-09-01 10:24:36 +0000  247192 bytes for ./Payload/Ilo.app/Ionicons.ttf
copying file ./Payload/Ilo.app/FontAwesome5_Solid.ttf ... 
2025-09-01 10:24:36 +0000  202744 bytes for ./Payload/Ilo.app/FontAwesome5_Solid.ttf
2025-09-01 10:24:36 +0000  copying file ./Payload/Ilo.app/Ilo ... 
2025-09-01 10:24:36 +0000  8777504 bytes for ./Payload/Ilo.app/Ilo
2025-09-01 10:24:36 +0000  copying file ./Payload/Ilo.app/FirebaseCoreInternal_Privacy.bundle/PrivacyInfo.xcprivacy ... 
2025-09-01 10:24:36 +0000  855 bytes for ./Payload/Ilo.app/FirebaseCoreInternal_Privacy.bundle/PrivacyInfo.xcprivacy
copying file ./Payload/Ilo.app/FirebaseCoreInternal_Privacy.bundle/Info.plist ... 
2025-09-01 10:24:36 +0000  807 bytes for ./Payload/Ilo.app/FirebaseCoreInternal_Privacy.bundle/Info.plist
2025-09-01 10:24:36 +0000  copying file ./Payload/Ilo.app/GoogleDataTransport_Privacy.bundle/PrivacyInfo.xcprivacy ... 
2025-09-01 10:24:36 +0000  1105 bytes for ./Payload/Ilo.app/GoogleDataTransport_Privacy.bundle/PrivacyInfo.xcprivacy
2025-09-01 10:24:36 +0000  copying file ./Payload/Ilo.app/GoogleDataTransport_Privacy.bundle/Info.plist ... 
2025-09-01 10:24:36 +0000  803 bytes for ./Payload/Ilo.app/GoogleDataTransport_Privacy.bundle/Info.plist
2025-09-01 10:24:36 +0000  copying file ./Payload/Ilo.app/FontAwesome5_Regular.ttf ... 
2025-09-01 10:24:36 +0000  33736 bytes for ./Payload/Ilo.app/FontAwesome5_Regular.ttf
2025-09-01 10:24:36 +0000  copying file ./Payload/Ilo.app/RNDeviceInfoPrivacyInfo.bundle/PrivacyInfo.xcprivacy ... 
2025-09-01 10:24:36 +0000  1159 bytes for ./Payload/Ilo.app/RNDeviceInfoPrivacyInfo.bundle/PrivacyInfo.xcprivacy
2025-09-01 10:24:36 +0000  copying file ./Payload/Ilo.app/RNDeviceInfoPrivacyInfo.bundle/Info.plist ... 
2025-09-01 10:24:36 +0000  797 bytes for ./Payload/Ilo.app/RNDeviceInfoPrivacyInfo.bundle/Info.plist
2025-09-01 10:24:36 +0000  copying file ./Payload/Ilo.app/nanopb_Privacy.bundle/PrivacyInfo.xcprivacy ... 
2025-09-01 10:24:36 +0000  374 bytes for ./Payload/Ilo.app/nanopb_Privacy.bundle/PrivacyInfo.xcprivacy
2025-09-01 10:24:36 +0000  copying file ./Payload/Ilo.app/nanopb_Privacy.bundle/Info.plist ... 
2025-09-01 10:24:36 +0000  779 bytes for ./Payload/Ilo.app/nanopb_Privacy.bundle/Info.plist
2025-09-01 10:24:36 +0000  copying file ./Payload/Ilo.app/FirebaseMessaging_Privacy.bundle/PrivacyInfo.xcprivacy ... 
2025-09-01 10:24:36 +0000  2357 bytes for ./Payload/Ilo.app/FirebaseMessaging_Privacy.bundle/PrivacyInfo.xcprivacy
copying file ./Payload/Ilo.app/FirebaseMessaging_Privacy.bundle/Info.plist ... 
2025-09-01 10:24:36 +0000  801 bytes for ./Payload/Ilo.app/FirebaseMessaging_Privacy.bundle/Info.plist
2025-09-01 10:24:36 +0000  copying file ./Payload/Ilo.app/AccessibilityResources.bundle/en.lproj/Localizable.strings ... 
2025-09-01 10:24:36 +0000  518 bytes for ./Payload/Ilo.app/AccessibilityResources.bundle/en.lproj/Localizable.strings
2025-09-01 10:24:36 +0000  copying file ./Payload/Ilo.app/AccessibilityResources.bundle/Info.plist ... 
2025-09-01 10:24:36 +0000  795 bytes for ./Payload/Ilo.app/AccessibilityResources.bundle/Info.plist
2025-09-01 10:24:36 +0000  copying file ./Payload/Ilo.app/GoogleService-Info.plist ... 
2025-09-01 10:24:36 +0000  751 bytes for ./Payload/Ilo.app/GoogleService-Info.plist
2025-09-01 10:24:36 +0000  copying file ./Payload/Ilo.app/FirebaseCoreExtension_Privacy.bundle/PrivacyInfo.xcprivacy ... 
2025-09-01 10:24:36 +0000  478 bytes for ./Payload/Ilo.app/FirebaseCoreExtension_Privacy.bundle/PrivacyInfo.xcprivacy
2025-09-01 10:24:36 +0000  copying file ./Payload/Ilo.app/FirebaseCoreExtension_Privacy.bundle/Info.plist ... 
2025-09-01 10:24:36 +0000  809 bytes for ./Payload/Ilo.app/FirebaseCoreExtension_Privacy.bundle/Info.plist
2025-09-01 10:24:36 +0000  copying file ./Payload/Ilo.app/FontAwesome.ttf ... 
2025-09-01 10:24:36 +0000  165548 bytes for ./Payload/Ilo.app/FontAwesome.ttf
2025-09-01 10:24:36 +0000  copying file ./Payload/Ilo.app/Zocial.ttf ... 
2025-09-01 10:24:36 +0000  25788 bytes for ./Payload/Ilo.app/Zocial.ttf
copying file ./Payload/Ilo.app/Assets.car ... 
2025-09-01 10:24:36 +0000  241791 bytes for ./Payload/Ilo.app/Assets.car
copying file ./Payload/Ilo.app/EvilIcons.ttf ... 
2025-09-01 10:24:36 +0000  13456 bytes for ./Payload/Ilo.app/EvilIcons.ttf
2025-09-01 10:24:36 +0000  copying file ./Payload/Ilo.app/FirebaseInstallations_Privacy.bundle/PrivacyInfo.xcprivacy ... 
2025-09-01 10:24:36 +0000  1105 bytes for ./Payload/Ilo.app/FirebaseInstallations_Privacy.bundle/PrivacyInfo.xcprivacy
2025-09-01 10:24:36 +0000  copying file ./Payload/Ilo.app/FirebaseInstallations_Privacy.bundle/Info.plist ... 
2025-09-01 10:24:36 +0000  809 bytes for ./Payload/Ilo.app/FirebaseInstallations_Privacy.bundle/Info.plist
2025-09-01 10:24:36 +0000  copying file ./Payload/Ilo.app/GoogleUtilities_Privacy.bundle/PrivacyInfo.xcprivacy ... 
2025-09-01 10:24:36 +0000  1289 bytes for ./Payload/Ilo.app/GoogleUtilities_Privacy.bundle/PrivacyInfo.xcprivacy
2025-09-01 10:24:36 +0000  copying file ./Payload/Ilo.app/GoogleUtilities_Privacy.bundle/Info.plist ... 
2025-09-01 10:24:36 +0000  796 bytes for ./Payload/Ilo.app/GoogleUtilities_Privacy.bundle/Info.plist
2025-09-01 10:24:36 +0000  copying file ./Payload/Ilo.app/main.jsbundle ... 
2025-09-01 10:24:37 +0000  6135584 bytes for ./Payload/Ilo.app/main.jsbundle
copying file ./Payload/Ilo.app/PrivacyInfo.xcprivacy ... 
2025-09-01 10:24:37 +0000  1283 bytes for ./Payload/Ilo.app/PrivacyInfo.xcprivacy
copying file ./Payload/Ilo.app/LaunchScreen.storyboardc/Info.plist ... 
2025-09-01 10:24:37 +0000  115 bytes for ./Payload/Ilo.app/LaunchScreen.storyboardc/Info.plist
copying file ./Payload/Ilo.app/ReactNativeMapsPrivacy.bundle/PrivacyInfo.xcprivacy ... 
2025-09-01 10:24:37 +0000  1209 bytes for ./Payload/Ilo.app/ReactNativeMapsPrivacy.bundle/PrivacyInfo.xcprivacy
copying file ./Payload/Ilo.app/ReactNativeMapsPrivacy.bundle/Info.plist ... 
2025-09-01 10:24:37 +0000  794 bytes for ./Payload/Ilo.app/ReactNativeMapsPrivacy.bundle/Info.plist
2025-09-01 10:24:37 +0000  copying file ./Payload/Ilo.app/Frameworks/Razorpay.framework/_CodeSignature/CodeResources ... 
2025-09-01 10:24:37 +0000  10344 bytes for ./Payload/Ilo.app/Frameworks/Razorpay.framework/_CodeSignature/CodeResources
2025-09-01 10:24:37 +0000  copying file ./Payload/Ilo.app/Frameworks/Razorpay.framework/Hash.txt ... 
32 bytes for ./Payload/Ilo.app/Frameworks/Razorpay.framework/Hash.txt
copying file ./Payload/Ilo.app/Frameworks/Razorpay.framework/EncryptedOtpelf.js ... 
2025-09-01 10:24:37 +0000  88512 bytes for ./Payload/Ilo.app/Frameworks/Razorpay.framework/EncryptedOtpelf.js
copying file ./Payload/Ilo.app/Frameworks/Razorpay.framework/Assets.car ... 
2025-09-01 10:24:37 +0000  150735 bytes for ./Payload/Ilo.app/Frameworks/Razorpay.framework/Assets.car
copying file ./Payload/Ilo.app/Frameworks/Razorpay.framework/PrivacyInfo.xcprivacy ... 
2025-09-01 10:24:37 +0000  6761 bytes for ./Payload/Ilo.app/Frameworks/Razorpay.framework/PrivacyInfo.xcprivacy
2025-09-01 10:24:37 +0000  copying file ./Payload/Ilo.app/Frameworks/Razorpay.framework/Checkout.storyboardc/UINavigationController-ODs-ga-9IN.nib/objects-11.0+.nib ... 
2025-09-01 10:24:37 +0000  2386 bytes for ./Payload/Ilo.app/Frameworks/Razorpay.framework/Checkout.storyboardc/UINavigationController-ODs-ga-9IN.nib/objects-11.0+.nib
2025-09-01 10:24:37 +0000  copying file ./Payload/Ilo.app/Frameworks/Razorpay.framework/Checkout.storyboardc/UINavigationController-ODs-ga-9IN.nib/runtime.nib ... 
2025-09-01 10:24:37 +0000  2386 bytes for ./Payload/Ilo.app/Frameworks/Razorpay.framework/Checkout.storyboardc/UINavigationController-ODs-ga-9IN.nib/runtime.nib
2025-09-01 10:24:37 +0000  copying file ./Payload/Ilo.app/Frameworks/Razorpay.framework/Checkout.storyboardc/OpinionatedAlertVC.nib/objects-11.0+.nib ... 
2025-09-01 10:24:37 +0000  1057 bytes for ./Payload/Ilo.app/Frameworks/Razorpay.framework/Checkout.storyboardc/OpinionatedAlertVC.nib/objects-11.0+.nib
2025-09-01 10:24:37 +0000  copying file ./Payload/Ilo.app/Frameworks/Razorpay.framework/Checkout.storyboardc/OpinionatedAlertVC.nib/runtime.nib ... 
2025-09-01 10:24:37 +0000  1057 bytes for ./Payload/Ilo.app/Frameworks/Razorpay.framework/Checkout.storyboardc/OpinionatedAlertVC.nib/runtime.nib
2025-09-01 10:24:37 +0000  copying file ./Payload/Ilo.app/Frameworks/Razorpay.framework/Checkout.storyboardc/RazorpayCheckoutVC.nib/objects-11.0+.nib ... 
2025-09-01 10:24:37 +0000  1443 bytes for ./Payload/Ilo.app/Frameworks/Razorpay.framework/Checkout.storyboardc/RazorpayCheckoutVC.nib/objects-11.0+.nib
2025-09-01 10:24:37 +0000  copying file ./Payload/Ilo.app/Frameworks/Razorpay.framework/Checkout.storyboardc/RazorpayCheckoutVC.nib/runtime.nib ... 
2025-09-01 10:24:37 +0000  1443 bytes for ./Payload/Ilo.app/Frameworks/Razorpay.framework/Checkout.storyboardc/RazorpayCheckoutVC.nib/runtime.nib
2025-09-01 10:24:37 +0000  copying file ./Payload/Ilo.app/Frameworks/Razorpay.framework/Checkout.storyboardc/QhR-ml-Zo4-view-36U-4g-R9b.nib/objects-11.0+.nib ... 
2025-09-01 10:24:37 +0000  13888 bytes for ./Payload/Ilo.app/Frameworks/Razorpay.framework/Checkout.storyboardc/QhR-ml-Zo4-view-36U-4g-R9b.nib/objects-11.0+.nib
2025-09-01 10:24:37 +0000  copying file ./Payload/Ilo.app/Frameworks/Razorpay.framework/Checkout.storyboardc/QhR-ml-Zo4-view-36U-4g-R9b.nib/runtime.nib ... 
2025-09-01 10:24:37 +0000  14092 bytes for ./Payload/Ilo.app/Frameworks/Razorpay.framework/Checkout.storyboardc/QhR-ml-Zo4-view-36U-4g-R9b.nib/runtime.nib
2025-09-01 10:24:37 +0000  copying file ./Payload/Ilo.app/Frameworks/Razorpay.framework/Checkout.storyboardc/MagicXNavController.nib/objects-11.0+.nib ... 
2025-09-01 10:24:37 +0000  2026 bytes for ./Payload/Ilo.app/Frameworks/Razorpay.framework/Checkout.storyboardc/MagicXNavController.nib/objects-11.0+.nib
2025-09-01 10:24:37 +0000  copying file ./Payload/Ilo.app/Frameworks/Razorpay.framework/Checkout.storyboardc/MagicXNavController.nib/runtime.nib ... 
2025-09-01 10:24:37 +0000  2026 bytes for ./Payload/Ilo.app/Frameworks/Razorpay.framework/Checkout.storyboardc/MagicXNavController.nib/runtime.nib
2025-09-01 10:24:37 +0000  copying file ./Payload/Ilo.app/Frameworks/Razorpay.framework/Checkout.storyboardc/ytB-xX-zk3-view-vP9-Lh-TPB.nib/objects-11.0+.nib ... 
2025-09-01 10:24:37 +0000  1775 bytes for ./Payload/Ilo.app/Frameworks/Razorpay.framework/Checkout.storyboardc/ytB-xX-zk3-view-vP9-Lh-TPB.nib/objects-11.0+.nib
2025-09-01 10:24:37 +0000  copying file ./Payload/Ilo.app/Frameworks/Razorpay.framework/Checkout.storyboardc/ytB-xX-zk3-view-vP9-Lh-TPB.nib/runtime.nib ... 
2025-09-01 10:24:37 +0000  2600 bytes for ./Payload/Ilo.app/Frameworks/Razorpay.framework/Checkout.storyboardc/ytB-xX-zk3-view-vP9-Lh-TPB.nib/runtime.nib
2025-09-01 10:24:37 +0000  copying file ./Payload/Ilo.app/Frameworks/Razorpay.framework/Checkout.storyboardc/RazorpayMagicxVC.nib/objects-11.0+.nib ... 
2025-09-01 10:24:37 +0000  1371 bytes for ./Payload/Ilo.app/Frameworks/Razorpay.framework/Checkout.storyboardc/RazorpayMagicxVC.nib/objects-11.0+.nib
2025-09-01 10:24:37 +0000  copying file ./Payload/Ilo.app/Frameworks/Razorpay.framework/Checkout.storyboardc/RazorpayMagicxVC.nib/runtime.nib ... 
2025-09-01 10:24:37 +0000  1371 bytes for ./Payload/Ilo.app/Frameworks/Razorpay.framework/Checkout.storyboardc/RazorpayMagicxVC.nib/runtime.nib
2025-09-01 10:24:37 +0000  copying file ./Payload/Ilo.app/Frameworks/Razorpay.framework/Checkout.storyboardc/RBq-mH-fUs-view-vI7-59-shd.nib/objects-11.0+.nib ... 
2025-09-01 10:24:37 +0000  2694 bytes for ./Payload/Ilo.app/Frameworks/Razorpay.framework/Checkout.storyboardc/RBq-mH-fUs-view-vI7-59-shd.nib/objects-11.0+.nib
2025-09-01 10:24:37 +0000  copying file ./Payload/Ilo.app/Frameworks/Razorpay.framework/Checkout.storyboardc/RBq-mH-fUs-view-vI7-59-shd.nib/runtime.nib ... 
2025-09-01 10:24:37 +0000  2811 bytes for ./Payload/Ilo.app/Frameworks/Razorpay.framework/Checkout.storyboardc/RBq-mH-fUs-view-vI7-59-shd.nib/runtime.nib
2025-09-01 10:24:37 +0000  copying file ./Payload/Ilo.app/Frameworks/Razorpay.framework/Checkout.storyboardc/Info.plist ... 
2025-09-01 10:24:37 +0000  475 bytes for ./Payload/Ilo.app/Frameworks/Razorpay.framework/Checkout.storyboardc/Info.plist
copying file ./Payload/Ilo.app/Frameworks/Razorpay.framework/Razorpay ... 
2025-09-01 10:24:37 +0000  1114848 bytes for ./Payload/Ilo.app/Frameworks/Razorpay.framework/Razorpay
2025-09-01 10:24:37 +0000  copying file ./Payload/Ilo.app/Frameworks/Razorpay.framework/CommonAssets/warning.png ... 
496 bytes for ./Payload/Ilo.app/Frameworks/Razorpay.framework/CommonAssets/warning.png
2025-09-01 10:24:37 +0000  copying file ./Payload/Ilo.app/Frameworks/Razorpay.framework/CommonAssets/check_mark.png ... 
2025-09-01 10:24:37 +0000  649 bytes for ./Payload/Ilo.app/Frameworks/Razorpay.framework/CommonAssets/check_mark.png
copying file ./Payload/Ilo.app/Frameworks/Razorpay.framework/CommonAssets/Razorpay_Logo.png ... 
2025-09-01 10:24:37 +0000  75526 bytes for ./Payload/Ilo.app/Frameworks/Razorpay.framework/CommonAssets/Razorpay_Logo.png
copying file ./Payload/Ilo.app/Frameworks/Razorpay.framework/Info.plist ... 
2025-09-01 10:24:37 +0000  762 bytes for ./Payload/Ilo.app/Frameworks/Razorpay.framework/Info.plist
2025-09-01 10:24:37 +0000  copying file ./Payload/Ilo.app/Frameworks/OneSignal.framework/_CodeSignature/CodeResources ... 
2025-09-01 10:24:37 +0000  2034 bytes for ./Payload/Ilo.app/Frameworks/OneSignal.framework/_CodeSignature/CodeResources
2025-09-01 10:24:37 +0000  copying file ./Payload/Ilo.app/Frameworks/OneSignal.framework/OneSignal ... 
2025-09-01 10:24:37 +0000  813968 bytes for ./Payload/Ilo.app/Frameworks/OneSignal.framework/OneSignal
copying file ./Payload/Ilo.app/Frameworks/OneSignal.framework/PrivacyInfo.xcprivacy ... 
2025-09-01 10:24:37 +0000  2450 bytes for ./Payload/Ilo.app/Frameworks/OneSignal.framework/PrivacyInfo.xcprivacy
copying file ./Payload/Ilo.app/Frameworks/OneSignal.framework/Info.plist ... 
2025-09-01 10:24:37 +0000  762 bytes for ./Payload/Ilo.app/Frameworks/OneSignal.framework/Info.plist
2025-09-01 10:24:37 +0000  copying file ./Payload/Ilo.app/Frameworks/libswift_Concurrency.dylib ... 
2025-09-01 10:24:37 +0000  557936 bytes for ./Payload/Ilo.app/Frameworks/libswift_Concurrency.dylib
2025-09-01 10:24:37 +0000  copying file ./Payload/Ilo.app/Frameworks/OneSignalExtension.framework/_CodeSignature/CodeResources ... 
2025-09-01 10:24:37 +0000  2034 bytes for ./Payload/Ilo.app/Frameworks/OneSignalExtension.framework/_CodeSignature/CodeResources
copying file ./Payload/Ilo.app/Frameworks/OneSignalExtension.framework/PrivacyInfo.xcprivacy ... 
2025-09-01 10:24:37 +0000  1316 bytes for ./Payload/Ilo.app/Frameworks/OneSignalExtension.framework/PrivacyInfo.xcprivacy
copying file ./Payload/Ilo.app/Frameworks/OneSignalExtension.framework/OneSignalExtension ... 
2025-09-01 10:24:37 +0000  111536 bytes for ./Payload/Ilo.app/Frameworks/OneSignalExtension.framework/OneSignalExtension
copying file ./Payload/Ilo.app/Frameworks/OneSignalExtension.framework/Info.plist ... 
2025-09-01 10:24:37 +0000  774 bytes for ./Payload/Ilo.app/Frameworks/OneSignalExtension.framework/Info.plist
2025-09-01 10:24:37 +0000  copying file ./Payload/Ilo.app/Frameworks/OneSignalCore.framework/_CodeSignature/CodeResources ... 
2025-09-01 10:24:37 +0000  2034 bytes for ./Payload/Ilo.app/Frameworks/OneSignalCore.framework/_CodeSignature/CodeResources
2025-09-01 10:24:37 +0000  copying file ./Payload/Ilo.app/Frameworks/OneSignalCore.framework/PrivacyInfo.xcprivacy ... 
2025-09-01 10:24:37 +0000  551 bytes for ./Payload/Ilo.app/Frameworks/OneSignalCore.framework/PrivacyInfo.xcprivacy
2025-09-01 10:24:37 +0000  copying file ./Payload/Ilo.app/Frameworks/OneSignalCore.framework/Info.plist ... 
2025-09-01 10:24:37 +0000  762 bytes for ./Payload/Ilo.app/Frameworks/OneSignalCore.framework/Info.plist
2025-09-01 10:24:37 +0000  copying file ./Payload/Ilo.app/Frameworks/OneSignalCore.framework/OneSignalCore ... 
2025-09-01 10:24:37 +0000  199008 bytes for ./Payload/Ilo.app/Frameworks/OneSignalCore.framework/OneSignalCore
2025-09-01 10:24:37 +0000  copying file ./Payload/Ilo.app/Frameworks/OneSignalOutcomes.framework/_CodeSignature/CodeResources ... 
2025-09-01 10:24:37 +0000  2034 bytes for ./Payload/Ilo.app/Frameworks/OneSignalOutcomes.framework/_CodeSignature/CodeResources
2025-09-01 10:24:37 +0000  copying file ./Payload/Ilo.app/Frameworks/OneSignalOutcomes.framework/PrivacyInfo.xcprivacy ... 
2025-09-01 10:24:37 +0000  941 bytes for ./Payload/Ilo.app/Frameworks/OneSignalOutcomes.framework/PrivacyInfo.xcprivacy
copying file ./Payload/Ilo.app/Frameworks/OneSignalOutcomes.framework/Info.plist ... 
2025-09-01 10:24:37 +0000  772 bytes for ./Payload/Ilo.app/Frameworks/OneSignalOutcomes.framework/Info.plist
2025-09-01 10:24:37 +0000  copying file ./Payload/Ilo.app/Frameworks/OneSignalOutcomes.framework/OneSignalOutcomes ... 
2025-09-01 10:24:37 +0000  180784 bytes for ./Payload/Ilo.app/Frameworks/OneSignalOutcomes.framework/OneSignalOutcomes
2025-09-01 10:24:37 +0000  copying file ./Payload/Ilo.app/SimpleLineIcons.ttf ... 
2025-09-01 10:24:37 +0000  54056 bytes for ./Payload/Ilo.app/SimpleLineIcons.ttf
copying file ./Payload/Ilo.app/embedded.mobileprovision ... 
2025-09-01 10:24:37 +0000  15897 bytes for ./Payload/Ilo.app/embedded.mobileprovision
2025-09-01 10:24:37 +0000  copying file ./Payload/Ilo.app/assets/swiggy_clone/assets/temp/pickup.png ... 
2025-09-01 10:24:37 +0000  6446 bytes for ./Payload/Ilo.app/assets/swiggy_clone/assets/temp/pickup.png
2025-09-01 10:24:37 +0000  copying file ./Payload/Ilo.app/assets/swiggy_clone/assets/temp/banner1.png ... 
2025-09-01 10:24:37 +0000  443994 bytes for ./Payload/Ilo.app/assets/swiggy_clone/assets/temp/banner1.png
copying file ./Payload/Ilo.app/assets/swiggy_clone/assets/temp/medicine.png ... 
2025-09-01 10:24:37 +0000  6851 bytes for ./Payload/Ilo.app/assets/swiggy_clone/assets/temp/medicine.png
2025-09-01 10:24:37 +0000  copying file ./Payload/Ilo.app/assets/swiggy_clone/assets/temp/coupon1.png ... 
2025-09-01 10:24:37 +0000  14300 bytes for ./Payload/Ilo.app/assets/swiggy_clone/assets/temp/coupon1.png
copying file ./Payload/Ilo.app/assets/swiggy_clone/assets/temp/apple_temp.png ... 
2025-09-01 10:24:37 +0000  217601 bytes for ./Payload/Ilo.app/assets/swiggy_clone/assets/temp/apple_temp.png
2025-09-01 10:24:37 +0000  copying file ./Payload/Ilo.app/assets/swiggy_clone/assets/temp/coupon2.png ... 
2025-09-01 10:24:37 +0000  14992 bytes for ./Payload/Ilo.app/assets/swiggy_clone/assets/temp/coupon2.png
2025-09-01 10:24:37 +0000  copying file ./Payload/Ilo.app/assets/swiggy_clone/assets/temp/food.png ... 
2025-09-01 10:24:37 +0000  6981 bytes for ./Payload/Ilo.app/assets/swiggy_clone/assets/temp/food.png
2025-09-01 10:24:37 +0000  copying file ./Payload/Ilo.app/assets/swiggy_clone/assets/temp/react.png ... 
2025-09-01 10:24:37 +0000  61088 bytes for ./Payload/Ilo.app/assets/swiggy_clone/assets/temp/react.png
copying file ./Payload/Ilo.app/assets/swiggy_clone/assets/temp/combo1.png ... 
2025-09-01 10:24:37 +0000  151468 bytes for ./Payload/Ilo.app/assets/swiggy_clone/assets/temp/combo1.png
copying file ./Payload/Ilo.app/assets/swiggy_clone/assets/temp/offer1.png ... 
2025-09-01 10:24:37 +0000  19990 bytes for ./Payload/Ilo.app/assets/swiggy_clone/assets/temp/offer1.png
copying file ./Payload/Ilo.app/assets/swiggy_clone/assets/temp/offer2.png ... 
2025-09-01 10:24:37 +0000  154907 bytes for ./Payload/Ilo.app/assets/swiggy_clone/assets/temp/offer2.png
2025-09-01 10:24:37 +0000  copying file ./Payload/Ilo.app/assets/swiggy_clone/assets/images/nearby_res.png ... 
2025-09-01 10:24:37 +0000  2962 bytes for ./Payload/Ilo.app/assets/swiggy_clone/assets/images/nearby_res.png
2025-09-01 10:24:37 +0000  copying file ./Payload/Ilo.app/assets/swiggy_clone/assets/images/Auto.png ... 
2025-09-01 10:24:37 +0000  60694 bytes for ./Payload/Ilo.app/assets/swiggy_clone/assets/images/Auto.png
copying file ./Payload/Ilo.app/assets/swiggy_clone/assets/images/PlaceholderLogo.png ... 
2025-09-01 10:24:37 +0000  22559 bytes for ./Payload/Ilo.app/assets/swiggy_clone/assets/images/PlaceholderLogo.png
copying file ./Payload/Ilo.app/assets/swiggy_clone/assets/images/no_booking_services.jpg ... 
2025-09-01 10:24:37 +0000  45339 bytes for ./Payload/Ilo.app/assets/swiggy_clone/assets/images/no_booking_services.jpg
copying file ./Payload/Ilo.app/assets/swiggy_clone/assets/images/banner_placeholder.jpg ... 
2025-09-01 10:24:37 +0000  182594 bytes for ./Payload/Ilo.app/assets/swiggy_clone/assets/images/banner_placeholder.jpg
2025-09-01 10:24:37 +0000  copying file ./Payload/Ilo.app/assets/swiggy_clone/assets/images/booking.png ... 
2025-09-01 10:24:37 +0000  3588 bytes for ./Payload/Ilo.app/assets/swiggy_clone/assets/images/booking.png
2025-09-01 10:24:37 +0000  copying file ./Payload/Ilo.app/assets/swiggy_clone/assets/images/Event.jpg ... 
2025-09-01 10:24:37 +0000  723401 bytes for ./Payload/Ilo.app/assets/swiggy_clone/assets/images/Event.jpg
copying file ./Payload/Ilo.app/assets/swiggy_clone/assets/images/car1.png ... 
2025-09-01 10:24:37 +0000  23657 bytes for ./Payload/Ilo.app/assets/swiggy_clone/assets/images/car1.png
copying file ./Payload/Ilo.app/assets/swiggy_clone/assets/images/explorer.png ... 
2025-09-01 10:24:37 +0000  24357 bytes for ./Payload/Ilo.app/assets/swiggy_clone/assets/images/explorer.png
2025-09-01 10:24:37 +0000  copying file ./Payload/Ilo.app/assets/swiggy_clone/assets/images/MovieTicket.png ... 
2025-09-01 10:24:37 +0000  240415 bytes for ./Payload/Ilo.app/assets/swiggy_clone/assets/images/MovieTicket.png
2025-09-01 10:24:37 +0000  copying file ./Payload/Ilo.app/assets/swiggy_clone/assets/images/branded.png ... 
2025-09-01 10:24:37 +0000  1510 bytes for ./Payload/Ilo.app/assets/swiggy_clone/assets/images/branded.png
2025-09-01 10:24:37 +0000  copying file ./Payload/Ilo.app/assets/swiggy_clone/assets/images/pin.png ... 
2025-09-01 10:24:37 +0000  43203 bytes for ./Payload/Ilo.app/assets/swiggy_clone/assets/images/pin.png
copying file ./Payload/Ilo.app/assets/swiggy_clone/assets/images/whats.png ... 
2025-09-01 10:24:37 +0000  229691 bytes for ./Payload/Ilo.app/assets/swiggy_clone/assets/images/whats.png
2025-09-01 10:24:37 +0000  copying file ./Payload/Ilo.app/assets/swiggy_clone/assets/images/mapLocation.png ... 
2025-09-01 10:24:37 +0000  174489 bytes for ./Payload/Ilo.app/assets/swiggy_clone/assets/images/mapLocation.png
2025-09-01 10:24:37 +0000  copying file ./Payload/Ilo.app/assets/swiggy_clone/assets/images/infocircle.png ... 
2025-09-01 10:24:37 +0000  20169 bytes for ./Payload/Ilo.app/assets/swiggy_clone/assets/images/infocircle.png
2025-09-01 10:24:37 +0000  copying file ./Payload/Ilo.app/assets/swiggy_clone/assets/images/Sad.png ... 
2025-09-01 10:24:37 +0000  170357 bytes for ./Payload/Ilo.app/assets/swiggy_clone/assets/images/Sad.png
copying file ./Payload/Ilo.app/assets/swiggy_clone/assets/images/instagram.png ... 
2025-09-01 10:24:37 +0000  6013 bytes for ./Payload/Ilo.app/assets/swiggy_clone/assets/images/instagram.png
2025-09-01 10:24:37 +0000  copying file ./Payload/Ilo.app/assets/swiggy_clone/assets/images/ic_reward.png ... 
2025-09-01 10:24:37 +0000  2402 bytes for ./Payload/Ilo.app/assets/swiggy_clone/assets/images/ic_reward.png
2025-09-01 10:24:37 +0000  copying file ./Payload/Ilo.app/assets/swiggy_clone/assets/images/knockLogo.png ... 
2025-09-01 10:24:37 +0000  18731 bytes for ./Payload/Ilo.app/assets/swiggy_clone/assets/images/knockLogo.png
copying file ./Payload/Ilo.app/assets/swiggy_clone/assets/images/gpay.png ... 
2025-09-01 10:24:37 +0000  76151 bytes for ./Payload/Ilo.app/assets/swiggy_clone/assets/images/gpay.png
copying file ./Payload/Ilo.app/assets/swiggy_clone/assets/images/offer_blue.png ... 
2025-09-01 10:24:37 +0000  4494 bytes for ./Payload/Ilo.app/assets/swiggy_clone/assets/images/offer_blue.png
2025-09-01 10:24:37 +0000  copying file ./Payload/Ilo.app/assets/swiggy_clone/assets/images/Bike.png ... 
2025-09-01 10:24:37 +0000  86640 bytes for ./Payload/Ilo.app/assets/swiggy_clone/assets/images/Bike.png
2025-09-01 10:24:37 +0000  copying file ./Payload/Ilo.app/assets/swiggy_clone/assets/images/services.png ... 
2025-09-01 10:24:37 +0000  1093974 bytes for ./Payload/Ilo.app/assets/swiggy_clone/assets/images/services.png
2025-09-01 10:24:37 +0000  copying file ./Payload/Ilo.app/assets/swiggy_clone/assets/images/tag.png ... 
2025-09-01 10:24:37 +0000  2200 bytes for ./Payload/Ilo.app/assets/swiggy_clone/assets/images/tag.png
2025-09-01 10:24:37 +0000  copying file ./Payload/Ilo.app/assets/swiggy_clone/assets/images/fb.png ... 
2025-09-01 10:24:37 +0000  11649 bytes for ./Payload/Ilo.app/assets/swiggy_clone/assets/images/fb.png
2025-09-01 10:24:37 +0000  copying file ./Payload/Ilo.app/assets/swiggy_clone/assets/images/room.jpg ... 
2025-09-01 10:24:37 +0000  47298 bytes for ./Payload/Ilo.app/assets/swiggy_clone/assets/images/room.jpg
2025-09-01 10:24:37 +0000  copying file ./Payload/Ilo.app/assets/swiggy_clone/assets/images/uploadprofile.png ... 
2025-09-01 10:24:37 +0000  3862 bytes for ./Payload/Ilo.app/assets/swiggy_clone/assets/images/uploadprofile.png
2025-09-01 10:24:37 +0000  copying file ./Payload/Ilo.app/assets/swiggy_clone/assets/images/visa.png ... 
2025-09-01 10:24:37 +0000  24257 bytes for ./Payload/Ilo.app/assets/swiggy_clone/assets/images/visa.png
copying file ./Payload/Ilo.app/assets/swiggy_clone/assets/images/rupee.png ... 
2025-09-01 10:24:37 +0000  38642 bytes for ./Payload/Ilo.app/assets/swiggy_clone/assets/images/rupee.png
copying file ./Payload/Ilo.app/assets/swiggy_clone/assets/images/user.png ... 
2025-09-01 10:24:37 +0000  2020 bytes for ./Payload/Ilo.app/assets/swiggy_clone/assets/images/user.png
2025-09-01 10:24:37 +0000  copying file ./Payload/Ilo.app/assets/swiggy_clone/assets/images/cart_empty.png ... 
2025-09-01 10:24:37 +0000  15341 bytes for ./Payload/Ilo.app/assets/swiggy_clone/assets/images/cart_empty.png
copying file ./Payload/Ilo.app/assets/swiggy_clone/assets/images/supervisor.png ... 
2025-09-01 10:24:37 +0000  534 bytes for ./Payload/Ilo.app/assets/swiggy_clone/assets/images/supervisor.png
2025-09-01 10:24:37 +0000  copying file ./Payload/Ilo.app/assets/swiggy_clone/assets/images/flight.jpg ... 
2025-09-01 10:24:37 +0000  71694 bytes for ./Payload/Ilo.app/assets/swiggy_clone/assets/images/flight.jpg
copying file ./Payload/Ilo.app/assets/swiggy_clone/assets/images/Coupon1.png ... 
2025-09-01 10:24:37 +0000  1266 bytes for ./Payload/Ilo.app/assets/swiggy_clone/assets/images/Coupon1.png
2025-09-01 10:24:37 +0000  copying file ./Payload/Ilo.app/assets/swiggy_clone/assets/images/phonepay.png ... 
2025-09-01 10:24:37 +0000  15289 bytes for ./Payload/Ilo.app/assets/swiggy_clone/assets/images/phonepay.png
copying file ./Payload/Ilo.app/assets/swiggy_clone/assets/images/sad_face.png ... 
2025-09-01 10:24:37 +0000  8136 bytes for ./Payload/Ilo.app/assets/swiggy_clone/assets/images/sad_face.png
2025-09-01 10:24:37 +0000  copying file ./Payload/Ilo.app/assets/swiggy_clone/assets/images/call1.png ... 
2025-09-01 10:24:37 +0000  1430 bytes for ./Payload/Ilo.app/assets/swiggy_clone/assets/images/call1.png
2025-09-01 10:24:37 +0000  copying file ./Payload/Ilo.app/assets/swiggy_clone/assets/images/like.png ... 
2025-09-01 10:24:37 +0000  2089 bytes for ./Payload/Ilo.app/assets/swiggy_clone/assets/images/like.png
2025-09-01 10:24:37 +0000  copying file ./Payload/Ilo.app/assets/swiggy_clone/assets/images/png/Placeholdercar.png ... 
2025-09-01 10:24:37 +0000  23470 bytes for ./Payload/Ilo.app/assets/swiggy_clone/assets/images/png/Placeholdercar.png
copying file ./Payload/Ilo.app/assets/swiggy_clone/assets/images/png/Auto.png ... 
2025-09-01 10:24:37 +0000  1587536 bytes for ./Payload/Ilo.app/assets/swiggy_clone/assets/images/png/Auto.png
2025-09-01 10:24:37 +0000  copying file ./Payload/Ilo.app/assets/swiggy_clone/assets/images/png/Bike.png ... 
2025-09-01 10:24:37 +0000  1469732 bytes for ./Payload/Ilo.app/assets/swiggy_clone/assets/images/png/Bike.png
copying file ./Payload/Ilo.app/assets/swiggy_clone/assets/images/png/PrimeSedan.png ... 
2025-09-01 10:24:37 +0000  1094097 bytes for ./Payload/Ilo.app/assets/swiggy_clone/assets/images/png/PrimeSedan.png
copying file ./Payload/Ilo.app/assets/swiggy_clone/assets/images/png/PrimeSUV.png ... 
2025-09-01 10:24:37 +0000  1154678 bytes for ./Payload/Ilo.app/assets/swiggy_clone/assets/images/png/PrimeSUV.png
copying file ./Payload/Ilo.app/assets/swiggy_clone/assets/images/png/AirTaxi.png ... 
2025-09-01 10:24:37 +0000  1403013 bytes for ./Payload/Ilo.app/assets/swiggy_clone/assets/images/png/AirTaxi.png
copying file ./Payload/Ilo.app/assets/swiggy_clone/assets/images/png/Mini.png ... 
2025-09-01 10:24:37 +0000  1237930 bytes for ./Payload/Ilo.app/assets/swiggy_clone/assets/images/png/Mini.png
2025-09-01 10:24:37 +0000  copying file ./Payload/Ilo.app/assets/swiggy_clone/assets/images/kumari.png ... 
2025-09-01 10:24:37 +0000  14846 bytes for ./Payload/Ilo.app/assets/swiggy_clone/assets/images/kumari.png
copying file ./Payload/Ilo.app/assets/swiggy_clone/assets/images/othesuccess.jpg ... 
2025-09-01 10:24:37 +0000  45287 bytes for ./Payload/Ilo.app/assets/swiggy_clone/assets/images/othesuccess.jpg
copying file ./Payload/Ilo.app/assets/swiggy_clone/assets/images/menu.png ... 
2025-09-01 10:24:37 +0000  6340 bytes for ./Payload/Ilo.app/assets/swiggy_clone/assets/images/menu.png
copying file ./Payload/Ilo.app/assets/swiggy_clone/assets/images/Other.jpg ... 
2025-09-01 10:24:37 +0000  263761 bytes for ./Payload/Ilo.app/assets/swiggy_clone/assets/images/Other.jpg
2025-09-01 10:24:37 +0000  copying file ./Payload/Ilo.app/assets/swiggy_clone/assets/images/rounded_logo.png ... 
2025-09-01 10:24:37 +0000  13234 bytes for ./Payload/Ilo.app/assets/swiggy_clone/assets/images/rounded_logo.png
2025-09-01 10:24:37 +0000  copying file ./Payload/Ilo.app/assets/swiggy_clone/assets/images/invoice.png ... 
2025-09-01 10:24:37 +0000  8733 bytes for ./Payload/Ilo.app/assets/swiggy_clone/assets/images/invoice.png
2025-09-01 10:24:37 +0000  copying file ./Payload/Ilo.app/assets/swiggy_clone/assets/images/splash2.png ... 
2025-09-01 10:24:37 +0000  1166800 bytes for ./Payload/Ilo.app/assets/swiggy_clone/assets/images/splash2.png
2025-09-01 10:24:37 +0000  copying file ./Payload/Ilo.app/assets/swiggy_clone/assets/images/Grobux/Gr.png ... 
2025-09-01 10:24:37 +0000  16251 bytes for ./Payload/Ilo.app/assets/swiggy_clone/assets/images/Grobux/Gr.png
2025-09-01 10:24:37 +0000  copying file ./Payload/Ilo.app/assets/swiggy_clone/assets/images/Grobux/logoRound.png ... 
2025-09-01 10:24:37 +0000  20537 bytes for ./Payload/Ilo.app/assets/swiggy_clone/assets/images/Grobux/logoRound.png
2025-09-01 10:24:37 +0000  copying file ./Payload/Ilo.app/assets/swiggy_clone/assets/images/Grobux/change_loc.png ... 
2025-09-01 10:24:37 +0000  25562 bytes for ./Payload/Ilo.app/assets/swiggy_clone/assets/images/Grobux/change_loc.png
2025-09-01 10:24:37 +0000  copying file ./Payload/Ilo.app/assets/swiggy_clone/assets/images/Grobux/ic_search.png ... 
2025-09-01 10:24:37 +0000  1771 bytes for ./Payload/Ilo.app/assets/swiggy_clone/assets/images/Grobux/ic_search.png
2025-09-01 10:24:37 +0000  copying file ./Payload/Ilo.app/assets/swiggy_clone/assets/images/Grobux/NoService.png ... 
2025-09-01 10:24:37 +0000  70251 bytes for ./Payload/Ilo.app/assets/swiggy_clone/assets/images/Grobux/NoService.png
2025-09-01 10:24:37 +0000  copying file ./Payload/Ilo.app/assets/swiggy_clone/assets/images/Grobux/logo_text.jpeg ... 
2025-09-01 10:24:37 +0000  65272 bytes for ./Payload/Ilo.app/assets/swiggy_clone/assets/images/Grobux/logo_text.jpeg
2025-09-01 10:24:37 +0000  copying file ./Payload/Ilo.app/assets/swiggy_clone/assets/images/pin1.png ... 
2025-09-01 10:24:37 +0000  48964 bytes for ./Payload/Ilo.app/assets/swiggy_clone/assets/images/pin1.png
2025-09-01 10:24:37 +0000  copying file ./Payload/Ilo.app/assets/swiggy_clone/assets/images/trip.png ... 
2025-09-01 10:24:37 +0000  12318 bytes for ./Payload/Ilo.app/assets/swiggy_clone/assets/images/trip.png
2025-09-01 10:24:37 +0000  copying file ./Payload/Ilo.app/assets/swiggy_clone/assets/images/refreal.png ... 
2025-09-01 10:24:37 +0000  58736 bytes for ./Payload/Ilo.app/assets/swiggy_clone/assets/images/refreal.png
2025-09-01 10:24:37 +0000  copying file ./Payload/Ilo.app/assets/swiggy_clone/assets/images/insta.png ... 
2025-09-01 10:24:37 +0000  238977 bytes for ./Payload/Ilo.app/assets/swiggy_clone/assets/images/insta.png
2025-09-01 10:24:37 +0000  copying file ./Payload/Ilo.app/assets/swiggy_clone/assets/images/No_Services.png ... 
2025-09-01 10:24:37 +0000  527912 bytes for ./Payload/Ilo.app/assets/swiggy_clone/assets/images/No_Services.png
2025-09-01 10:24:37 +0000  copying file ./Payload/Ilo.app/assets/swiggy_clone/assets/images/pickup_drop.png ... 
2025-09-01 10:24:37 +0000  1806 bytes for ./Payload/Ilo.app/assets/swiggy_clone/assets/images/pickup_drop.png
2025-09-01 10:24:37 +0000  copying file ./Payload/Ilo.app/assets/swiggy_clone/assets/images/new/location_gps.png ... 
2025-09-01 10:24:37 +0000  2071 bytes for ./Payload/Ilo.app/assets/swiggy_clone/assets/images/new/location_gps.png
2025-09-01 10:24:37 +0000  copying file ./Payload/Ilo.app/assets/swiggy_clone/assets/images/new/empty_cart.png ... 
2025-09-01 10:24:37 +0000  102538 bytes for ./Payload/Ilo.app/assets/swiggy_clone/assets/images/new/empty_cart.png
2025-09-01 10:24:37 +0000  copying file ./Payload/Ilo.app/assets/swiggy_clone/assets/images/new/logo_round.png ... 
2025-09-01 10:24:37 +0000  28443 bytes for ./Payload/Ilo.app/assets/swiggy_clone/assets/images/new/logo_round.png
2025-09-01 10:24:37 +0000  copying file ./Payload/Ilo.app/assets/swiggy_clone/assets/images/new/Searc.png ... 
2025-09-01 10:24:37 +0000  1731 bytes for ./Payload/Ilo.app/assets/swiggy_clone/assets/images/new/Searc.png
2025-09-01 10:24:37 +0000  copying file ./Payload/Ilo.app/assets/swiggy_clone/assets/images/new/statusFail.png ... 
2025-09-01 10:24:37 +0000  9161 bytes for ./Payload/Ilo.app/assets/swiggy_clone/assets/images/new/statusFail.png
2025-09-01 10:24:37 +0000  copying file ./Payload/Ilo.app/assets/swiggy_clone/assets/images/new/login.png ... 
2025-09-01 10:24:37 +0000  106053 bytes for ./Payload/Ilo.app/assets/swiggy_clone/assets/images/new/login.png
2025-09-01 10:24:37 +0000  copying file ./Payload/Ilo.app/assets/swiggy_clone/assets/images/new/bagColor.png ... 
1168 bytes for ./Payload/Ilo.app/assets/swiggy_clone/assets/images/new/bagColor.png
copying file ./Payload/Ilo.app/assets/swiggy_clone/assets/images/new/logout.png ... 
2400 bytes for ./Payload/Ilo.app/assets/swiggy_clone/assets/images/new/logout.png
copying file ./Payload/Ilo.app/assets/swiggy_clone/assets/images/new/otp.png ... 
2025-09-01 10:24:37 +0000  91222 bytes for ./Payload/Ilo.app/assets/swiggy_clone/assets/images/new/otp.png
2025-09-01 10:24:37 +0000  copying file ./Payload/Ilo.app/assets/swiggy_clone/assets/images/new/home.png ... 
2025-09-01 10:24:37 +0000  1387 bytes for ./Payload/Ilo.app/assets/swiggy_clone/assets/images/new/home.png
2025-09-01 10:24:37 +0000  copying file ./Payload/Ilo.app/assets/swiggy_clone/assets/images/new/hand.png ... 
2025-09-01 10:24:37 +0000  4556 bytes for ./Payload/Ilo.app/assets/swiggy_clone/assets/images/new/hand.png
2025-09-01 10:24:37 +0000  copying file ./Payload/Ilo.app/assets/swiggy_clone/assets/images/new/Search.png ... 
2025-09-01 10:24:37 +0000  1906 bytes for ./Payload/Ilo.app/assets/swiggy_clone/assets/images/new/Search.png
2025-09-01 10:24:37 +0000  copying file ./Payload/Ilo.app/assets/swiggy_clone/assets/images/new/homeColor.png ... 
2025-09-01 10:24:37 +0000  1575 bytes for ./Payload/Ilo.app/assets/swiggy_clone/assets/images/new/homeColor.png
2025-09-01 10:24:37 +0000  copying file ./Payload/Ilo.app/assets/swiggy_clone/assets/images/new/statusSuccess.png ... 
2025-09-01 10:24:37 +0000  54253 bytes for ./Payload/Ilo.app/assets/swiggy_clone/assets/images/new/statusSuccess.png
2025-09-01 10:24:37 +0000  copying file ./Payload/Ilo.app/assets/swiggy_clone/assets/images/new/profile.png ... 
2025-09-01 10:24:37 +0000  1875 bytes for ./Payload/Ilo.app/assets/swiggy_clone/assets/images/new/profile.png
2025-09-01 10:24:37 +0000  copying file ./Payload/Ilo.app/assets/swiggy_clone/assets/images/new/star.png ... 
2025-09-01 10:24:37 +0000  3559 bytes for ./Payload/Ilo.app/assets/swiggy_clone/assets/images/new/star.png
2025-09-01 10:24:37 +0000  copying file ./Payload/Ilo.app/assets/swiggy_clone/assets/images/new/sheild.png ... 
2025-09-01 10:24:37 +0000  3659 bytes for ./Payload/Ilo.app/assets/swiggy_clone/assets/images/new/sheild.png
2025-09-01 10:24:37 +0000  copying file ./Payload/Ilo.app/assets/swiggy_clone/assets/images/new/bag.png ... 
2025-09-01 10:24:37 +0000  962 bytes for ./Payload/Ilo.app/assets/swiggy_clone/assets/images/new/bag.png
2025-09-01 10:24:37 +0000  copying file ./Payload/Ilo.app/assets/swiggy_clone/assets/images/new/profileColor.png ... 
2025-09-01 10:24:37 +0000  653 bytes for ./Payload/Ilo.app/assets/swiggy_clone/assets/images/new/profileColor.png
2025-09-01 10:24:37 +0000  copying file ./Payload/Ilo.app/assets/swiggy_clone/assets/images/Car.png ... 
2025-09-01 10:24:37 +0000  9845 bytes for ./Payload/Ilo.app/assets/swiggy_clone/assets/images/Car.png
2025-09-01 10:24:37 +0000  copying file ./Payload/Ilo.app/assets/swiggy_clone/assets/images/Rider.png ... 
2025-09-01 10:24:37 +0000  78266 bytes for ./Payload/Ilo.app/assets/swiggy_clone/assets/images/Rider.png
2025-09-01 10:24:37 +0000  copying file ./Payload/Ilo.app/assets/swiggy_clone/assets/images/Location.png ... 
2025-09-01 10:24:37 +0000  19110 bytes for ./Payload/Ilo.app/assets/swiggy_clone/assets/images/Location.png
2025-09-01 10:24:37 +0000  copying file ./Payload/Ilo.app/assets/swiggy_clone/assets/images/delivery_bike.png ... 
2025-09-01 10:24:37 +0000  8842 bytes for ./Payload/Ilo.app/assets/swiggy_clone/assets/images/delivery_bike.png
2025-09-01 10:24:37 +0000  copying file ./Payload/Ilo.app/assets/swiggy_clone/assets/images/success.png ... 
2025-09-01 10:24:37 +0000  31280 bytes for ./Payload/Ilo.app/assets/swiggy_clone/assets/images/success.png
2025-09-01 10:24:37 +0000  copying file ./Payload/Ilo.app/assets/swiggy_clone/assets/images/noproduct.png ... 
2025-09-01 10:24:37 +0000  7367 bytes for ./Payload/Ilo.app/assets/swiggy_clone/assets/images/noproduct.png
2025-09-01 10:24:37 +0000  copying file ./Payload/Ilo.app/assets/swiggy_clone/assets/images/exclusive.png ... 
2025-09-01 10:24:37 +0000  41797 bytes for ./Payload/Ilo.app/assets/swiggy_clone/assets/images/exclusive.png
2025-09-01 10:24:37 +0000  copying file ./Payload/Ilo.app/assets/swiggy_clone/assets/images/tick_green.png ... 
2025-09-01 10:24:37 +0000  1664 bytes for ./Payload/Ilo.app/assets/swiggy_clone/assets/images/tick_green.png
2025-09-01 10:24:37 +0000  copying file ./Payload/Ilo.app/assets/swiggy_clone/assets/images/Helper.png ... 
2025-09-01 10:24:37 +0000  240833 bytes for ./Payload/Ilo.app/assets/swiggy_clone/assets/images/Helper.png
copying file ./Payload/Ilo.app/assets/swiggy_clone/assets/images/Call.png ... 
2025-09-01 10:24:37 +0000  40551 bytes for ./Payload/Ilo.app/assets/swiggy_clone/assets/images/Call.png
2025-09-01 10:24:37 +0000  copying file ./Payload/Ilo.app/assets/swiggy_clone/assets/images/clock.png ... 
2025-09-01 10:24:37 +0000  1044 bytes for ./Payload/Ilo.app/assets/swiggy_clone/assets/images/clock.png
copying file ./Payload/Ilo.app/assets/swiggy_clone/assets/images/Booking1.png ... 
2025-09-01 10:24:37 +0000  2800 bytes for ./Payload/Ilo.app/assets/swiggy_clone/assets/images/Booking1.png
2025-09-01 10:24:37 +0000  copying file ./Payload/Ilo.app/assets/swiggy_clone/assets/images/dollars.png ... 
2025-09-01 10:24:37 +0000  26971 bytes for ./Payload/Ilo.app/assets/swiggy_clone/assets/images/dollars.png
2025-09-01 10:24:37 +0000  copying file ./Payload/Ilo.app/assets/swiggy_clone/assets/images/Address.jpeg ... 
2025-09-01 10:24:37 +0000  248282 bytes for ./Payload/Ilo.app/assets/swiggy_clone/assets/images/Address.jpeg
2025-09-01 10:24:37 +0000  copying file ./Payload/Ilo.app/assets/swiggy_clone/assets/images/log.png ... 
2025-09-01 10:24:37 +0000  7463 bytes for ./Payload/Ilo.app/assets/swiggy_clone/assets/images/log.png
2025-09-01 10:24:37 +0000  copying file ./Payload/Ilo.app/assets/swiggy_clone/assets/images/youtube.png ... 
2025-09-01 10:24:37 +0000  1328 bytes for ./Payload/Ilo.app/assets/swiggy_clone/assets/images/youtube.png
2025-09-01 10:24:37 +0000  copying file ./Payload/Ilo.app/assets/swiggy_clone/assets/images/sc_square_logo.png ... 
2025-09-01 10:24:37 +0000  21656 bytes for ./Payload/Ilo.app/assets/swiggy_clone/assets/images/sc_square_logo.png
2025-09-01 10:24:37 +0000  copying file ./Payload/Ilo.app/assets/swiggy_clone/assets/images/star.png ... 
2025-09-01 10:24:37 +0000  1260 bytes for ./Payload/Ilo.app/assets/swiggy_clone/assets/images/star.png
copying file ./Payload/Ilo.app/assets/swiggy_clone/assets/images/shareImage.png ... 
2025-09-01 10:24:37 +0000  3020 bytes for ./Payload/Ilo.app/assets/swiggy_clone/assets/images/shareImage.png
2025-09-01 10:24:37 +0000  copying file ./Payload/Ilo.app/assets/swiggy_clone/assets/images/line.png ... 
2025-09-01 10:24:37 +0000  229 bytes for ./Payload/Ilo.app/assets/swiggy_clone/assets/images/line.png
2025-09-01 10:24:37 +0000  copying file ./Payload/Ilo.app/assets/swiggy_clone/assets/images/Union.png ... 
2025-09-01 10:24:37 +0000  1373 bytes for ./Payload/Ilo.app/assets/swiggy_clone/assets/images/Union.png
2025-09-01 10:24:37 +0000  copying file ./Payload/Ilo.app/assets/swiggy_clone/assets/images/whatsapp.png ... 
2025-09-01 10:24:37 +0000  2251 bytes for ./Payload/Ilo.app/assets/swiggy_clone/assets/images/whatsapp.png
2025-09-01 10:24:37 +0000  copying file ./Payload/Ilo.app/assets/swiggy_clone/assets/images/couponColor4.png ... 
2025-09-01 10:24:37 +0000  167142 bytes for ./Payload/Ilo.app/assets/swiggy_clone/assets/images/couponColor4.png
2025-09-01 10:24:37 +0000  copying file ./Payload/Ilo.app/assets/swiggy_clone/assets/images/shoppingbag.png ... 
2025-09-01 10:24:37 +0000  13244 bytes for ./Payload/Ilo.app/assets/swiggy_clone/assets/images/shoppingbag.png
2025-09-01 10:24:37 +0000  copying file ./Payload/Ilo.app/assets/swiggy_clone/assets/images/facebook.png ... 
2025-09-01 10:24:37 +0000  1500 bytes for ./Payload/Ilo.app/assets/swiggy_clone/assets/images/facebook.png
2025-09-01 10:24:37 +0000  copying file ./Payload/Ilo.app/assets/swiggy_clone/assets/images/rupeeindian.png ... 
2025-09-01 10:24:37 +0000  5165 bytes for ./Payload/Ilo.app/assets/swiggy_clone/assets/images/rupeeindian.png
2025-09-01 10:24:37 +0000  copying file ./Payload/Ilo.app/assets/swiggy_clone/assets/images/coin.png ... 
2025-09-01 10:24:37 +0000  7718 bytes for ./Payload/Ilo.app/assets/swiggy_clone/assets/images/coin.png
2025-09-01 10:24:37 +0000  copying file ./Payload/Ilo.app/assets/swiggy_clone/assets/images/ic_offer.png ... 
2025-09-01 10:24:37 +0000  1071 bytes for ./Payload/Ilo.app/assets/swiggy_clone/assets/images/ic_offer.png
copying file ./Payload/Ilo.app/assets/swiggy_clone/assets/images/coupon.png ... 
2025-09-01 10:24:37 +0000  2535 bytes for ./Payload/Ilo.app/assets/swiggy_clone/assets/images/coupon.png
copying file ./Payload/Ilo.app/assets/swiggy_clone/assets/images/Message.png ... 
2025-09-01 10:24:37 +0000  39947 bytes for ./Payload/Ilo.app/assets/swiggy_clone/assets/images/Message.png
2025-09-01 10:24:37 +0000  copying file ./Payload/Ilo.app/assets/swiggy_clone/assets/images/couponColor1.png ... 
2025-09-01 10:24:37 +0000  167614 bytes for ./Payload/Ilo.app/assets/swiggy_clone/assets/images/couponColor1.png
2025-09-01 10:24:37 +0000  copying file ./Payload/Ilo.app/assets/swiggy_clone/assets/images/train.jpeg ... 
2025-09-01 10:24:37 +0000  29192 bytes for ./Payload/Ilo.app/assets/swiggy_clone/assets/images/train.jpeg
2025-09-01 10:24:37 +0000  copying file ./Payload/Ilo.app/assets/swiggy_clone/assets/images/couponColor3.png ... 
2025-09-01 10:24:37 +0000  165627 bytes for ./Payload/Ilo.app/assets/swiggy_clone/assets/images/couponColor3.png
2025-09-01 10:24:37 +0000  copying file ./Payload/Ilo.app/assets/swiggy_clone/assets/images/sc_pickup.png ... 
2025-09-01 10:24:37 +0000  213536 bytes for ./Payload/Ilo.app/assets/swiggy_clone/assets/images/sc_pickup.png
2025-09-01 10:24:37 +0000  copying file ./Payload/Ilo.app/assets/swiggy_clone/assets/images/brand.png ... 
2025-09-01 10:24:37 +0000  3225 bytes for ./Payload/Ilo.app/assets/swiggy_clone/assets/images/brand.png
2025-09-01 10:24:37 +0000  copying file ./Payload/Ilo.app/assets/swiggy_clone/assets/images/loc.png ... 
2025-09-01 10:24:37 +0000  4028 bytes for ./Payload/Ilo.app/assets/swiggy_clone/assets/images/loc.png
2025-09-01 10:24:37 +0000  copying file ./Payload/Ilo.app/assets/swiggy_clone/assets/images/pro.png ... 
2025-09-01 10:24:37 +0000  1935 bytes for ./Payload/Ilo.app/assets/swiggy_clone/assets/images/pro.png
2025-09-01 10:24:37 +0000  copying file ./Payload/Ilo.app/assets/swiggy_clone/assets/images/brand_logo.png ... 
2025-09-01 10:24:37 +0000  23150 bytes for ./Payload/Ilo.app/assets/swiggy_clone/assets/images/brand_logo.png
2025-09-01 10:24:37 +0000  copying file ./Payload/Ilo.app/assets/swiggy_clone/assets/images/cusine.png ... 
2025-09-01 10:24:37 +0000  2192 bytes for ./Payload/Ilo.app/assets/swiggy_clone/assets/images/cusine.png
2025-09-01 10:24:37 +0000  copying file ./Payload/Ilo.app/assets/swiggy_clone/assets/images/Close.png ... 
2025-09-01 10:24:37 +0000  16521 bytes for ./Payload/Ilo.app/assets/swiggy_clone/assets/images/Close.png
2025-09-01 10:24:37 +0000  copying file ./Payload/Ilo.app/assets/swiggy_clone/assets/images/couponColor2.png ... 
2025-09-01 10:24:37 +0000  162650 bytes for ./Payload/Ilo.app/assets/swiggy_clone/assets/images/couponColor2.png
2025-09-01 10:24:37 +0000  copying file ./Payload/Ilo.app/assets/swiggy_clone/assets/images/BusTicket.png ... 
2025-09-01 10:24:37 +0000  152025 bytes for ./Payload/Ilo.app/assets/swiggy_clone/assets/images/BusTicket.png
2025-09-01 10:24:37 +0000  copying file ./Payload/Ilo.app/assets/swiggy_clone/assets/icons/sc_gps_checkpin.png ... 
2025-09-01 10:24:37 +0000  3261 bytes for ./Payload/Ilo.app/assets/swiggy_clone/assets/icons/sc_gps_checkpin.png
2025-09-01 10:24:37 +0000  copying file ./Payload/Ilo.app/assets/swiggy_clone/assets/icons/MapAuto.png ... 
2025-09-01 10:24:37 +0000  4854988 bytes for ./Payload/Ilo.app/assets/swiggy_clone/assets/icons/MapAuto.png
2025-09-01 10:24:37 +0000  copying file ./Payload/Ilo.app/assets/swiggy_clone/assets/icons/sc_pick_icon.png ... 
2025-09-01 10:24:37 +0000  555 bytes for ./Payload/Ilo.app/assets/swiggy_clone/assets/icons/sc_pick_icon.png
copying file ./Payload/Ilo.app/assets/swiggy_clone/assets/icons/Mapsuv.png ... 
2025-09-01 10:24:37 +0000  7129512 bytes for ./Payload/Ilo.app/assets/swiggy_clone/assets/icons/Mapsuv.png
2025-09-01 10:24:37 +0000  copying file ./Payload/Ilo.app/assets/swiggy_clone/assets/icons/sc_offers.png ... 
2025-09-01 10:24:37 +0000  2769 bytes for ./Payload/Ilo.app/assets/swiggy_clone/assets/icons/sc_offers.png
copying file ./Payload/Ilo.app/assets/swiggy_clone/assets/icons/tab_person.png ... 
2025-09-01 10:24:37 +0000  792 bytes for ./Payload/Ilo.app/assets/swiggy_clone/assets/icons/tab_person.png
copying file ./Payload/Ilo.app/assets/swiggy_clone/assets/icons/sc_cuisine.png ... 
2025-09-01 10:24:37 +0000  2288 bytes for ./Payload/Ilo.app/assets/swiggy_clone/assets/icons/sc_cuisine.png
2025-09-01 10:24:37 +0000  copying file ./Payload/Ilo.app/assets/swiggy_clone/assets/icons/tab_cart.png ... 
2025-09-01 10:24:37 +0000  854 bytes for ./Payload/Ilo.app/assets/swiggy_clone/assets/icons/tab_cart.png
2025-09-01 10:24:37 +0000  copying file ./Payload/Ilo.app/assets/swiggy_clone/assets/icons/buildings.png ... 
2025-09-01 10:24:37 +0000  1910 bytes for ./Payload/Ilo.app/assets/swiggy_clone/assets/icons/buildings.png
2025-09-01 10:24:37 +0000  copying file ./Payload/Ilo.app/assets/swiggy_clone/assets/icons/react_logo.jpeg ... 
2025-09-01 10:24:37 +0000  64821 bytes for ./Payload/Ilo.app/assets/swiggy_clone/assets/icons/react_logo.jpeg
2025-09-01 10:24:37 +0000  copying file ./Payload/Ilo.app/assets/swiggy_clone/assets/icons/MapBike.png ... 
2025-09-01 10:24:38 +0000  3980145 bytes for ./Payload/Ilo.app/assets/swiggy_clone/assets/icons/MapBike.png
copying file ./Payload/Ilo.app/assets/swiggy_clone/assets/icons/sc_hotel.png ... 
2025-09-01 10:24:38 +0000  2003 bytes for ./Payload/Ilo.app/assets/swiggy_clone/assets/icons/sc_hotel.png
copying file ./Payload/Ilo.app/assets/swiggy_clone/assets/icons/sc_like_icon.png ... 
2025-09-01 10:24:38 +0000  2512 bytes for ./Payload/Ilo.app/assets/swiggy_clone/assets/icons/sc_like_icon.png
2025-09-01 10:24:38 +0000  copying file ./Payload/Ilo.app/assets/swiggy_clone/assets/icons/Mapairtaxi.png ... 
2025-09-01 10:24:38 +0000  4000916 bytes for ./Payload/Ilo.app/assets/swiggy_clone/assets/icons/Mapairtaxi.png
2025-09-01 10:24:38 +0000  copying file ./Payload/Ilo.app/assets/swiggy_clone/assets/icons/sc_delivery_icon.png ... 
2025-09-01 10:24:38 +0000  1241 bytes for ./Payload/Ilo.app/assets/swiggy_clone/assets/icons/sc_delivery_icon.png
copying file ./Payload/Ilo.app/assets/swiggy_clone/assets/icons/tab_home.png ... 
2025-09-01 10:24:38 +0000  1342 bytes for ./Payload/Ilo.app/assets/swiggy_clone/assets/icons/tab_home.png
2025-09-01 10:24:38 +0000  copying file ./Payload/Ilo.app/assets/swiggy_clone/assets/icons/sc_address.png ... 
2025-09-01 10:24:38 +0000  2222 bytes for ./Payload/Ilo.app/assets/swiggy_clone/assets/icons/sc_address.png
2025-09-01 10:24:38 +0000  copying file ./Payload/Ilo.app/assets/swiggy_clone/assets/icons/sc_order.png ... 
2025-09-01 10:24:38 +0000  1565 bytes for ./Payload/Ilo.app/assets/swiggy_clone/assets/icons/sc_order.png
2025-09-01 10:24:38 +0000  copying file ./Payload/Ilo.app/assets/swiggy_clone/assets/icons/sc_person.png ... 
2025-09-01 10:24:38 +0000  1753 bytes for ./Payload/Ilo.app/assets/swiggy_clone/assets/icons/sc_person.png
2025-09-01 10:24:38 +0000  copying file ./Payload/Ilo.app/assets/swiggy_clone/assets/icons/common/instruction.png ... 
2025-09-01 10:24:38 +0000  958 bytes for ./Payload/Ilo.app/assets/swiggy_clone/assets/icons/common/instruction.png
2025-09-01 10:24:38 +0000  copying file ./Payload/Ilo.app/assets/swiggy_clone/assets/icons/common/instruction1.png ... 
2025-09-01 10:24:38 +0000  1389 bytes for ./Payload/Ilo.app/assets/swiggy_clone/assets/icons/common/instruction1.png
2025-09-01 10:24:38 +0000  copying file ./Payload/Ilo.app/assets/swiggy_clone/assets/icons/common/razorpay.png ... 
2025-09-01 10:24:38 +0000  29712 bytes for ./Payload/Ilo.app/assets/swiggy_clone/assets/icons/common/razorpay.png
2025-09-01 10:24:38 +0000  copying file ./Payload/Ilo.app/assets/swiggy_clone/assets/icons/common/is_success.png ... 
2025-09-01 10:24:38 +0000  3041 bytes for ./Payload/Ilo.app/assets/swiggy_clone/assets/icons/common/is_success.png
2025-09-01 10:24:38 +0000  copying file ./Payload/Ilo.app/assets/swiggy_clone/assets/icons/common/map_vehicle.png ... 
2025-09-01 10:24:38 +0000  6904 bytes for ./Payload/Ilo.app/assets/swiggy_clone/assets/icons/common/map_vehicle.png
2025-09-01 10:24:38 +0000  copying file ./Payload/Ilo.app/assets/swiggy_clone/assets/icons/common/pin_store.png ... 
2025-09-01 10:24:38 +0000  4499 bytes for ./Payload/Ilo.app/assets/swiggy_clone/assets/icons/common/pin_store.png
2025-09-01 10:24:38 +0000  copying file ./Payload/Ilo.app/assets/swiggy_clone/assets/icons/common/upi.png ... 
2025-09-01 10:24:38 +0000  4507 bytes for ./Payload/Ilo.app/assets/swiggy_clone/assets/icons/common/upi.png
2025-09-01 10:24:38 +0000  copying file ./Payload/Ilo.app/assets/swiggy_clone/assets/icons/common/nonveg.png ... 
2025-09-01 10:24:38 +0000  225 bytes for ./Payload/Ilo.app/assets/swiggy_clone/assets/icons/common/nonveg.png
2025-09-01 10:24:38 +0000  copying file ./Payload/Ilo.app/assets/swiggy_clone/assets/icons/common/is_prepared.png ... 
2025-09-01 10:24:38 +0000  3484 bytes for ./Payload/Ilo.app/assets/swiggy_clone/assets/icons/common/is_prepared.png
2025-09-01 10:24:38 +0000  copying file ./Payload/Ilo.app/assets/swiggy_clone/assets/icons/common/success.png ... 
2025-09-01 10:24:38 +0000  1774 bytes for ./Payload/Ilo.app/assets/swiggy_clone/assets/icons/common/success.png
2025-09-01 10:24:38 +0000  copying file ./Payload/Ilo.app/assets/swiggy_clone/assets/icons/common/veg.png ... 
2025-09-01 10:24:38 +0000  228 bytes for ./Payload/Ilo.app/assets/swiggy_clone/assets/icons/common/veg.png
2025-09-01 10:24:38 +0000  copying file ./Payload/Ilo.app/assets/swiggy_clone/assets/icons/common/FSSAI_logo.png ... 
2025-09-01 10:24:38 +0000  53299 bytes for ./Payload/Ilo.app/assets/swiggy_clone/assets/icons/common/FSSAI_logo.png
copying file ./Payload/Ilo.app/assets/swiggy_clone/assets/icons/common/is_delivered.png ... 
2025-09-01 10:24:38 +0000  2942 bytes for ./Payload/Ilo.app/assets/swiggy_clone/assets/icons/common/is_delivered.png
2025-09-01 10:24:38 +0000  copying file ./Payload/Ilo.app/assets/swiggy_clone/assets/icons/common/pin_target.png ... 
2025-09-01 10:24:38 +0000  1329 bytes for ./Payload/Ilo.app/assets/swiggy_clone/assets/icons/common/pin_target.png
2025-09-01 10:24:38 +0000  copying file ./Payload/Ilo.app/assets/swiggy_clone/assets/icons/common/is_accepted.png ... 
2025-09-01 10:24:38 +0000  4379 bytes for ./Payload/Ilo.app/assets/swiggy_clone/assets/icons/common/is_accepted.png
2025-09-01 10:24:38 +0000  copying file ./Payload/Ilo.app/assets/swiggy_clone/assets/icons/common/coupon.png ... 
2025-09-01 10:24:38 +0000  1780 bytes for ./Payload/Ilo.app/assets/swiggy_clone/assets/icons/common/coupon.png
2025-09-01 10:24:38 +0000  copying file ./Payload/Ilo.app/assets/swiggy_clone/assets/icons/common/is_out.png ... 
2025-09-01 10:24:38 +0000  3710 bytes for ./Payload/Ilo.app/assets/swiggy_clone/assets/icons/common/is_out.png
2025-09-01 10:24:38 +0000  copying file ./Payload/Ilo.app/assets/swiggy_clone/assets/icons/common/is_restaurant.png ... 
2025-09-01 10:24:38 +0000  3262 bytes for ./Payload/Ilo.app/assets/swiggy_clone/assets/icons/common/is_restaurant.png
2025-09-01 10:24:38 +0000  copying file ./Payload/Ilo.app/assets/swiggy_clone/assets/icons/common/fail.png ... 
2025-09-01 10:24:38 +0000  1784 bytes for ./Payload/Ilo.app/assets/swiggy_clone/assets/icons/common/fail.png
2025-09-01 10:24:38 +0000  copying file ./Payload/Ilo.app/assets/swiggy_clone/assets/icons/offerTag.png ... 
2025-09-01 10:24:38 +0000  1832 bytes for ./Payload/Ilo.app/assets/swiggy_clone/assets/icons/offerTag.png
2025-09-01 10:24:38 +0000  copying file ./Payload/Ilo.app/assets/swiggy_clone/assets/icons/Mapsedan.png ... 
2025-09-01 10:24:38 +0000  759256 bytes for ./Payload/Ilo.app/assets/swiggy_clone/assets/icons/Mapsedan.png
2025-09-01 10:24:38 +0000  copying file ./Payload/Ilo.app/assets/swiggy_clone/assets/icons/Mapcar.png ... 
2025-09-01 10:24:38 +0000  6513238 bytes for ./Payload/Ilo.app/assets/swiggy_clone/assets/icons/Mapcar.png
2025-09-01 10:24:38 +0000  copying file ./Payload/Ilo.app/assets/swiggy_clone/assets/icons/sc_search.png ... 
2025-09-01 10:24:38 +0000  1548 bytes for ./Payload/Ilo.app/assets/swiggy_clone/assets/icons/sc_search.png
2025-09-01 10:24:38 +0000  copying file ./Payload/Ilo.app/assets/swiggy_clone/assets/icons/sc_pickup_input.png ... 
2025-09-01 10:24:38 +0000  423 bytes for ./Payload/Ilo.app/assets/swiggy_clone/assets/icons/sc_pickup_input.png
copying file ./Payload/Ilo.app/assets/swiggy_clone/assets/icons/sc_ticket.png ... 
2025-09-01 10:24:38 +0000  2319 bytes for ./Payload/Ilo.app/assets/swiggy_clone/assets/icons/sc_ticket.png
2025-09-01 10:24:38 +0000  copying file ./Payload/Ilo.app/assets/swiggy_clone/assets/icons/edit.png ... 
2025-09-01 10:24:38 +0000  11070 bytes for ./Payload/Ilo.app/assets/swiggy_clone/assets/icons/edit.png
2025-09-01 10:24:38 +0000  copying file ./Payload/Ilo.app/assets/swiggy_clone/assets/icons/sc_tick.png ... 
2025-09-01 10:24:38 +0000  2273 bytes for ./Payload/Ilo.app/assets/swiggy_clone/assets/icons/sc_tick.png
2025-09-01 10:24:38 +0000  copying file ./Payload/Ilo.app/assets/swiggy_clone/assets/icons/sc_heart.png ... 
2025-09-01 10:24:38 +0000  1596 bytes for ./Payload/Ilo.app/assets/swiggy_clone/assets/icons/sc_heart.png
2025-09-01 10:24:38 +0000  copying file ./Payload/Ilo.app/assets/swiggy_clone/assets/icons/sc_phone.png ... 
2025-09-01 10:24:38 +0000  1665 bytes for ./Payload/Ilo.app/assets/swiggy_clone/assets/icons/sc_phone.png
2025-09-01 10:24:38 +0000  copying file ./Payload/Ilo.app/assets/swiggy_clone/assets/icons/sc_offer_tag.png ... 
2025-09-01 10:24:38 +0000  2112 bytes for ./Payload/Ilo.app/assets/swiggy_clone/assets/icons/sc_offer_tag.png
2025-09-01 10:24:38 +0000  copying file ./Payload/Ilo.app/assets/swiggy_clone/assets/icons/marker.png ... 
2025-09-01 10:24:38 +0000  2618 bytes for ./Payload/Ilo.app/assets/swiggy_clone/assets/icons/marker.png
2025-09-01 10:24:38 +0000  copying file ./Payload/Ilo.app/assets/swiggy_clone/assets/gif/splash1.gif ... 
2025-09-01 10:24:38 +0000  842661 bytes for ./Payload/Ilo.app/assets/swiggy_clone/assets/gif/splash1.gif
copying file ./Payload/Ilo.app/assets/swiggy_clone/assets/gif/error.gif ... 
2025-09-01 10:24:38 +0000  204670 bytes for ./Payload/Ilo.app/assets/swiggy_clone/assets/gif/error.gif
2025-09-01 10:24:38 +0000  copying file ./Payload/Ilo.app/assets/swiggy_clone/assets/gif/Clock.gif ... 
2025-09-01 10:24:38 +0000  106274 bytes for ./Payload/Ilo.app/assets/swiggy_clone/assets/gif/Clock.gif
copying file ./Payload/Ilo.app/assets/swiggy_clone/assets/gif/app_update.gif ... 
2025-09-01 10:24:38 +0000  1356608 bytes for ./Payload/Ilo.app/assets/swiggy_clone/assets/gif/app_update.gif
2025-09-01 10:24:38 +0000  copying file ./Payload/Ilo.app/assets/asset/images/Logoplaceholder.png ... 
2025-09-01 10:24:38 +0000  23452 bytes for ./Payload/Ilo.app/assets/asset/images/Logoplaceholder.png
2025-09-01 10:24:38 +0000  copying file ./Payload/Ilo.app/assets/asset/icons/sc_offers.png ... 
2025-09-01 10:24:38 +0000  2769 bytes for ./Payload/Ilo.app/assets/asset/icons/sc_offers.png
2025-09-01 10:24:38 +0000  copying file ./Payload/Ilo.app/assets/asset/icons/tab_person.png ... 
2025-09-01 10:24:38 +0000  792 bytes for ./Payload/Ilo.app/assets/asset/icons/tab_person.png
copying file ./Payload/Ilo.app/assets/asset/icons/cart.png ... 
2025-09-01 10:24:38 +0000  1158 bytes for ./Payload/Ilo.app/assets/asset/icons/cart.png
2025-09-01 10:24:38 +0000  copying file ./Payload/Ilo.app/assets/asset/icons/tab_cart.png ... 
2025-09-01 10:24:38 +0000  854 bytes for ./Payload/Ilo.app/assets/asset/icons/tab_cart.png
2025-09-01 10:24:38 +0000  copying file ./Payload/Ilo.app/assets/asset/icons/tab_search.png ... 
2025-09-01 10:24:38 +0000  2134 bytes for ./Payload/Ilo.app/assets/asset/icons/tab_search.png
2025-09-01 10:24:38 +0000  copying file ./Payload/Ilo.app/assets/asset/icons/sc_like_icon.png ... 
2025-09-01 10:24:38 +0000  2512 bytes for ./Payload/Ilo.app/assets/asset/icons/sc_like_icon.png
2025-09-01 10:24:38 +0000  copying file ./Payload/Ilo.app/assets/asset/icons/home.png ... 
2025-09-01 10:24:38 +0000  522 bytes for ./Payload/Ilo.app/assets/asset/icons/home.png
2025-09-01 10:24:38 +0000  copying file ./Payload/Ilo.app/assets/asset/icons/tab_home.png ... 
2025-09-01 10:24:38 +0000  1342 bytes for ./Payload/Ilo.app/assets/asset/icons/tab_home.png
copying file ./Payload/Ilo.app/assets/asset/icons/account.png ... 
2025-09-01 10:24:38 +0000  2239 bytes for ./Payload/Ilo.app/assets/asset/icons/account.png
2025-09-01 10:24:38 +0000  copying file ./Payload/Ilo.app/assets/asset/icons/Cat.png ... 
2025-09-01 10:24:38 +0000  1106 bytes for ./Payload/Ilo.app/assets/asset/icons/Cat.png
2025-09-01 10:24:38 +0000  copying file ./Payload/Ilo.app/assets/asset/icons/tab_category.png ... 
2025-09-01 10:24:38 +0000  174 bytes for ./Payload/Ilo.app/assets/asset/icons/tab_category.png
copying file ./Payload/Ilo.app/assets/asset/icons/ic_back.png ... 
2025-09-01 10:24:38 +0000  732 bytes for ./Payload/Ilo.app/assets/asset/icons/ic_back.png
2025-09-01 10:24:38 +0000  copying file ./Payload/Ilo.app/assets/node_modules/react-native-ratings/dist/images/bell.png ... 
2025-09-01 10:24:38 +0000  2989 bytes for ./Payload/Ilo.app/assets/node_modules/react-native-ratings/dist/images/bell.png
2025-09-01 10:24:38 +0000  copying file ./Payload/Ilo.app/assets/node_modules/react-native-ratings/dist/images/airbnb-star-selected.png ... 
2025-09-01 10:24:38 +0000  934 bytes for ./Payload/Ilo.app/assets/node_modules/react-native-ratings/dist/images/airbnb-star-selected.png
2025-09-01 10:24:38 +0000  copying file ./Payload/Ilo.app/assets/node_modules/react-native-ratings/dist/images/heart.png ... 
2025-09-01 10:24:38 +0000  1928 bytes for ./Payload/Ilo.app/assets/node_modules/react-native-ratings/dist/images/heart.png
2025-09-01 10:24:38 +0000  copying file ./Payload/Ilo.app/assets/node_modules/react-native-ratings/dist/images/airbnb-star.png ... 
2025-09-01 10:24:38 +0000  930 bytes for ./Payload/Ilo.app/assets/node_modules/react-native-ratings/dist/images/airbnb-star.png
2025-09-01 10:24:38 +0000  copying file ./Payload/Ilo.app/assets/node_modules/react-native-ratings/dist/images/rocket.png ... 
2025-09-01 10:24:38 +0000  4050 bytes for ./Payload/Ilo.app/assets/node_modules/react-native-ratings/dist/images/rocket.png
2025-09-01 10:24:38 +0000  copying file ./Payload/Ilo.app/assets/node_modules/react-native-ratings/dist/images/star.png ... 
2025-09-01 10:24:38 +0000  1961 bytes for ./Payload/Ilo.app/assets/node_modules/react-native-ratings/dist/images/star.png
2025-09-01 10:24:38 +0000  copying file ./Payload/Ilo.app/assets/node_modules/@react-navigation/elements/src/assets/back-icon@3x.png ... 
2025-09-01 10:24:38 +0000  761 bytes for ./Payload/Ilo.app/assets/node_modules/@react-navigation/elements/src/assets/back-icon@3x.png
2025-09-01 10:24:38 +0000  copying file ./Payload/Ilo.app/assets/node_modules/@react-navigation/elements/src/assets/back-icon@2x.png ... 
2025-09-01 10:24:38 +0000  405 bytes for ./Payload/Ilo.app/assets/node_modules/@react-navigation/elements/src/assets/back-icon@2x.png
2025-09-01 10:24:38 +0000  copying file ./Payload/Ilo.app/assets/node_modules/@react-navigation/elements/src/assets/back-icon.png ... 
2025-09-01 10:24:38 +0000  290 bytes for ./Payload/Ilo.app/assets/node_modules/@react-navigation/elements/src/assets/back-icon.png
copying file ./Payload/Ilo.app/assets/node_modules/@react-navigation/elements/src/assets/back-icon-mask.png ... 
2025-09-01 10:24:38 +0000  913 bytes for ./Payload/Ilo.app/assets/node_modules/@react-navigation/elements/src/assets/back-icon-mask.png
2025-09-01 10:24:38 +0000  copying file ./Payload/Ilo.app/assets/node_modules/react-native-dropdown-picker/src/themes/light/icons/tick.png ... 
2025-09-01 10:24:38 +0000  1214 bytes for ./Payload/Ilo.app/assets/node_modules/react-native-dropdown-picker/src/themes/light/icons/tick.png
2025-09-01 10:24:38 +0000  copying file ./Payload/Ilo.app/assets/node_modules/react-native-dropdown-picker/src/themes/light/icons/arrow-down.png ... 
2025-09-01 10:24:38 +0000  522 bytes for ./Payload/Ilo.app/assets/node_modules/react-native-dropdown-picker/src/themes/light/icons/arrow-down.png
2025-09-01 10:24:38 +0000  copying file ./Payload/Ilo.app/assets/node_modules/react-native-dropdown-picker/src/themes/light/icons/arrow-up.png ... 
2025-09-01 10:24:38 +0000  807 bytes for ./Payload/Ilo.app/assets/node_modules/react-native-dropdown-picker/src/themes/light/icons/arrow-up.png
copying file ./Payload/Ilo.app/assets/node_modules/react-native-dropdown-picker/src/themes/light/icons/close.png ... 
2025-09-01 10:24:38 +0000  338 bytes for ./Payload/Ilo.app/assets/node_modules/react-native-dropdown-picker/src/themes/light/icons/close.png
2025-09-01 10:24:38 +0000  copying file ./Payload/Ilo.app/assets/node_modules/react-native-dropdown-picker/src/themes/dark/icons/tick.png ... 
2025-09-01 10:24:38 +0000  15772 bytes for ./Payload/Ilo.app/assets/node_modules/react-native-dropdown-picker/src/themes/dark/icons/tick.png
2025-09-01 10:24:38 +0000  copying file ./Payload/Ilo.app/assets/node_modules/react-native-dropdown-picker/src/themes/dark/icons/arrow-down.png ... 
2025-09-01 10:24:38 +0000  15367 bytes for ./Payload/Ilo.app/assets/node_modules/react-native-dropdown-picker/src/themes/dark/icons/arrow-down.png
2025-09-01 10:24:38 +0000  copying file ./Payload/Ilo.app/assets/node_modules/react-native-dropdown-picker/src/themes/dark/icons/arrow-up.png ... 
2025-09-01 10:24:38 +0000  15500 bytes for ./Payload/Ilo.app/assets/node_modules/react-native-dropdown-picker/src/themes/dark/icons/arrow-up.png
2025-09-01 10:24:38 +0000  copying file ./Payload/Ilo.app/assets/node_modules/react-native-dropdown-picker/src/themes/dark/icons/close.png ... 
2025-09-01 10:24:38 +0000  15449 bytes for ./Payload/Ilo.app/assets/node_modules/react-native-dropdown-picker/src/themes/dark/icons/close.png
2025-09-01 10:24:38 +0000  copying file ./Payload/Ilo.app/assets/node_modules/react-native-calendars/src/calendar/img/previous@2x.png ... 
2025-09-01 10:24:38 +0000  458 bytes for ./Payload/Ilo.app/assets/node_modules/react-native-calendars/src/calendar/img/previous@2x.png
2025-09-01 10:24:38 +0000  copying file ./Payload/Ilo.app/assets/node_modules/react-native-calendars/src/calendar/img/next@2x.png ... 
2025-09-01 10:24:38 +0000  462 bytes for ./Payload/Ilo.app/assets/node_modules/react-native-calendars/src/calendar/img/next@2x.png
2025-09-01 10:24:38 +0000  copying file ./Payload/Ilo.app/assets/node_modules/react-native-calendars/src/img/down@3x.png ... 
2025-09-01 10:24:38 +0000  508 bytes for ./Payload/Ilo.app/assets/node_modules/react-native-calendars/src/img/down@3x.png
2025-09-01 10:24:38 +0000  copying file ./Payload/Ilo.app/assets/node_modules/react-native-calendars/src/img/down@2x.png ... 
2025-09-01 10:24:38 +0000  354 bytes for ./Payload/Ilo.app/assets/node_modules/react-native-calendars/src/img/down@2x.png
2025-09-01 10:24:38 +0000  copying file ./Payload/Ilo.app/assets/node_modules/react-native-calendars/src/img/up.png ... 
2025-09-01 10:24:38 +0000  215 bytes for ./Payload/Ilo.app/assets/node_modules/react-native-calendars/src/img/up.png
copying file ./Payload/Ilo.app/assets/node_modules/react-native-calendars/src/img/down.png ... 
2025-09-01 10:24:38 +0000  208 bytes for ./Payload/Ilo.app/assets/node_modules/react-native-calendars/src/img/down.png
2025-09-01 10:24:38 +0000  copying file ./Payload/Ilo.app/assets/node_modules/react-native-calendars/src/img/up@2x.png ... 
2025-09-01 10:24:38 +0000  347 bytes for ./Payload/Ilo.app/assets/node_modules/react-native-calendars/src/img/up@2x.png
2025-09-01 10:24:38 +0000  copying file ./Payload/Ilo.app/assets/node_modules/react-native-calendars/src/img/up@3x.png ... 
2025-09-01 10:24:38 +0000  504 bytes for ./Payload/Ilo.app/assets/node_modules/react-native-calendars/src/img/up@3x.png
2025-09-01 10:24:38 +0000  copying file ./Payload/Ilo.app/assets/assets/images/tex.png ... 
2025-09-01 10:24:38 +0000  9985 bytes for ./Payload/Ilo.app/assets/assets/images/tex.png
2025-09-01 10:24:38 +0000  copying file ./Payload/Ilo.app/assets/assets/images/ilologo.png ... 
2025-09-01 10:24:38 +0000  23452 bytes for ./Payload/Ilo.app/assets/assets/images/ilologo.png
copying file ./Payload/Ilo.app/assets/assets/images/plus.png ... 
2025-09-01 10:24:38 +0000  2893 bytes for ./Payload/Ilo.app/assets/assets/images/plus.png
2025-09-01 10:24:38 +0000  copying file ./Payload/Ilo.app/assets/assets/images/plusIcon.png ... 
2025-09-01 10:24:38 +0000  21800 bytes for ./Payload/Ilo.app/assets/assets/images/plusIcon.png
2025-09-01 10:24:38 +0000  copying file ./Payload/Ilo.app/assets/assets/images/couponActive.png ... 
2025-09-01 10:24:38 +0000  5745 bytes for ./Payload/Ilo.app/assets/assets/images/couponActive.png
2025-09-01 10:24:38 +0000  copying file ./Payload/Ilo.app/assets/assets/images/bac1.png ... 
2025-09-01 10:24:38 +0000  29688 bytes for ./Payload/Ilo.app/assets/assets/images/bac1.png
2025-09-01 10:24:38 +0000  copying file ./Payload/Ilo.app/assets/assets/images/offer.png ... 
2025-09-01 10:24:38 +0000  4009 bytes for ./Payload/Ilo.app/assets/assets/images/offer.png
2025-09-01 10:24:38 +0000  copying file ./Payload/Ilo.app/assets/assets/images/whats.png ... 
2025-09-01 10:24:38 +0000  229691 bytes for ./Payload/Ilo.app/assets/assets/images/whats.png
2025-09-01 10:24:38 +0000  copying file ./Payload/Ilo.app/assets/assets/images/logoBan.png ... 
2025-09-01 10:24:38 +0000  32297 bytes for ./Payload/Ilo.app/assets/assets/images/logoBan.png
copying file ./Payload/Ilo.app/assets/assets/images/ic_referal.png ... 
2025-09-01 10:24:38 +0000  819 bytes for ./Payload/Ilo.app/assets/assets/images/ic_referal.png
2025-09-01 10:24:38 +0000  copying file ./Payload/Ilo.app/assets/assets/images/razorpay.png ... 
2025-09-01 10:24:38 +0000  30061 bytes for ./Payload/Ilo.app/assets/assets/images/razorpay.png
2025-09-01 10:24:38 +0000  copying file ./Payload/Ilo.app/assets/assets/images/react_logo.jpeg ... 
2025-09-01 10:24:38 +0000  64821 bytes for ./Payload/Ilo.app/assets/assets/images/react_logo.jpeg
2025-09-01 10:24:38 +0000  copying file ./Payload/Ilo.app/assets/assets/images/productLoading.png ... 
2025-09-01 10:24:38 +0000  18009 bytes for ./Payload/Ilo.app/assets/assets/images/productLoading.png
2025-09-01 10:24:38 +0000  copying file ./Payload/Ilo.app/assets/assets/images/Log2.png ... 
2025-09-01 10:24:38 +0000  15979 bytes for ./Payload/Ilo.app/assets/assets/images/Log2.png
copying file ./Payload/Ilo.app/assets/assets/images/delivery_boy.png ... 
2025-09-01 10:24:38 +0000  7181 bytes for ./Payload/Ilo.app/assets/assets/images/delivery_boy.png
2025-09-01 10:24:38 +0000  copying file ./Payload/Ilo.app/assets/assets/images/pin_store.png ... 
2025-09-01 10:24:38 +0000  1934 bytes for ./Payload/Ilo.app/assets/assets/images/pin_store.png
2025-09-01 10:24:38 +0000  copying file ./Payload/Ilo.app/assets/assets/images/Log1.png ... 
2025-09-01 10:24:38 +0000  27817 bytes for ./Payload/Ilo.app/assets/assets/images/Log1.png
copying file ./Payload/Ilo.app/assets/assets/images/fb.png ... 
2025-09-01 10:24:38 +0000  11649 bytes for ./Payload/Ilo.app/assets/assets/images/fb.png
2025-09-01 10:24:38 +0000  copying file ./Payload/Ilo.app/assets/assets/images/serveLogo.png ... 
2025-09-01 10:24:38 +0000  29991 bytes for ./Payload/Ilo.app/assets/assets/images/serveLogo.png
copying file ./Payload/Ilo.app/assets/assets/images/no_restaurants.png ... 
2025-09-01 10:24:38 +0000  89999 bytes for ./Payload/Ilo.app/assets/assets/images/no_restaurants.png
2025-09-01 10:24:38 +0000  copying file ./Payload/Ilo.app/assets/assets/images/cart_empty.png ... 
2025-09-01 10:24:38 +0000  15341 bytes for ./Payload/Ilo.app/assets/assets/images/cart_empty.png
2025-09-01 10:24:38 +0000  copying file ./Payload/Ilo.app/assets/assets/images/usedCoupon.png ... 
2025-09-01 10:24:38 +0000  5584 bytes for ./Payload/Ilo.app/assets/assets/images/usedCoupon.png
2025-09-01 10:24:38 +0000  copying file ./Payload/Ilo.app/assets/assets/images/phonepe.png ... 
2025-09-01 10:24:38 +0000  7675 bytes for ./Payload/Ilo.app/assets/assets/images/phonepe.png
2025-09-01 10:24:38 +0000  copying file ./Payload/Ilo.app/assets/assets/images/OrderStatusFail.png ... 
2025-09-01 10:24:38 +0000  3664 bytes for ./Payload/Ilo.app/assets/assets/images/OrderStatusFail.png
2025-09-01 10:24:38 +0000  copying file ./Payload/Ilo.app/assets/assets/images/brandLogo.png ... 
2025-09-01 10:24:38 +0000  45876 bytes for ./Payload/Ilo.app/assets/assets/images/brandLogo.png
copying file ./Payload/Ilo.app/assets/assets/images/meat.png ... 
2025-09-01 10:24:38 +0000  82643 bytes for ./Payload/Ilo.app/assets/assets/images/meat.png
copying file ./Payload/Ilo.app/assets/assets/images/es.png ... 
2025-09-01 10:24:38 +0000  14953 bytes for ./Payload/Ilo.app/assets/assets/images/es.png
2025-09-01 10:24:38 +0000  copying file ./Payload/Ilo.app/assets/assets/images/minus.png ... 
2025-09-01 10:24:38 +0000  2836 bytes for ./Payload/Ilo.app/assets/assets/images/minus.png
2025-09-01 10:24:38 +0000  copying file ./Payload/Ilo.app/assets/assets/images/logo1.png ... 
2025-09-01 10:24:38 +0000  14370 bytes for ./Payload/Ilo.app/assets/assets/images/logo1.png
2025-09-01 10:24:38 +0000  copying file ./Payload/Ilo.app/assets/assets/images/splash.png ... 
2025-09-01 10:24:38 +0000  417090 bytes for ./Payload/Ilo.app/assets/assets/images/splash.png
2025-09-01 10:24:38 +0000  copying file ./Payload/Ilo.app/assets/assets/images/Black_logo.png ... 
2025-09-01 10:24:38 +0000  256418 bytes for ./Payload/Ilo.app/assets/assets/images/Black_logo.png
2025-09-01 10:24:38 +0000  copying file ./Payload/Ilo.app/assets/assets/images/logo.png ... 
2025-09-01 10:24:38 +0000  88756 bytes for ./Payload/Ilo.app/assets/assets/images/logo.png
2025-09-01 10:24:38 +0000  copying file ./Payload/Ilo.app/assets/assets/images/cat_round.png ... 
2025-09-01 10:24:38 +0000  11461 bytes for ./Payload/Ilo.app/assets/assets/images/cat_round.png
2025-09-01 10:24:38 +0000  copying file ./Payload/Ilo.app/assets/assets/images/insta.png ... 
2025-09-01 10:24:38 +0000  238977 bytes for ./Payload/Ilo.app/assets/assets/images/insta.png
2025-09-01 10:24:38 +0000  copying file ./Payload/Ilo.app/assets/assets/images/membership.png ... 
2025-09-01 10:24:38 +0000  65249 bytes for ./Payload/Ilo.app/assets/assets/images/membership.png
2025-09-01 10:24:38 +0000  copying file ./Payload/Ilo.app/assets/assets/images/banLoading.png ... 
2025-09-01 10:24:38 +0000  24878 bytes for ./Payload/Ilo.app/assets/assets/images/banLoading.png
2025-09-01 10:24:38 +0000  copying file ./Payload/Ilo.app/assets/assets/images/call.png ... 
2025-09-01 10:24:38 +0000  1430 bytes for ./Payload/Ilo.app/assets/assets/images/call.png
2025-09-01 10:24:38 +0000  copying file ./Payload/Ilo.app/assets/assets/images/OrderStatusSuccess.png ... 
2025-09-01 10:24:38 +0000  12893 bytes for ./Payload/Ilo.app/assets/assets/images/OrderStatusSuccess.png
2025-09-01 10:24:38 +0000  copying file ./Payload/Ilo.app/assets/assets/images/noShop.gif ... 
2025-09-01 10:24:38 +0000  106500 bytes for ./Payload/Ilo.app/assets/assets/images/noShop.gif
2025-09-01 10:24:38 +0000  copying file ./Payload/Ilo.app/assets/assets/images/paytm.png ... 
2025-09-01 10:24:38 +0000  4075 bytes for ./Payload/Ilo.app/assets/assets/images/paytm.png
2025-09-01 10:24:38 +0000  copying file ./Payload/Ilo.app/assets/assets/images/log.png ... 
2025-09-01 10:24:38 +0000  94453 bytes for ./Payload/Ilo.app/assets/assets/images/log.png
copying file ./Payload/Ilo.app/assets/assets/images/MainLogo.png ... 
2025-09-01 10:24:38 +0000  44085 bytes for ./Payload/Ilo.app/assets/assets/images/MainLogo.png
2025-09-01 10:24:38 +0000  copying file ./Payload/Ilo.app/assets/assets/images/youtube.png ... 
2025-09-01 10:24:38 +0000  1328 bytes for ./Payload/Ilo.app/assets/assets/images/youtube.png
2025-09-01 10:24:38 +0000  copying file ./Payload/Ilo.app/assets/assets/images/status_fail.png ... 
2025-09-01 10:24:38 +0000  1784 bytes for ./Payload/Ilo.app/assets/assets/images/status_fail.png
2025-09-01 10:24:38 +0000  copying file ./Payload/Ilo.app/assets/assets/images/Star.png ... 
2025-09-01 10:24:38 +0000  886 bytes for ./Payload/Ilo.app/assets/assets/images/Star.png
2025-09-01 10:24:38 +0000  copying file ./Payload/Ilo.app/assets/assets/images/rec.png ... 
2025-09-01 10:24:38 +0000  416359 bytes for ./Payload/Ilo.app/assets/assets/images/rec.png
copying file ./Payload/Ilo.app/assets/assets/images/whatsapp.png ... 
2025-09-01 10:24:38 +0000  3297 bytes for ./Payload/Ilo.app/assets/assets/images/whatsapp.png
2025-09-01 10:24:38 +0000  copying file ./Payload/Ilo.app/assets/assets/images/locationMan.png ... 
2025-09-01 10:24:38 +0000  89803 bytes for ./Payload/Ilo.app/assets/assets/images/locationMan.png
2025-09-01 10:24:38 +0000  copying file ./Payload/Ilo.app/assets/assets/images/pin_target.png ... 
2025-09-01 10:24:38 +0000  6679 bytes for ./Payload/Ilo.app/assets/assets/images/pin_target.png
2025-09-01 10:24:38 +0000  copying file ./Payload/Ilo.app/assets/assets/images/local_mall.png ... 
2025-09-01 10:24:38 +0000  1134 bytes for ./Payload/Ilo.app/assets/assets/images/local_mall.png
copying file ./Payload/Ilo.app/assets/assets/images/Reward.png ... 
2025-09-01 10:24:38 +0000  2556 bytes for ./Payload/Ilo.app/assets/assets/images/Reward.png
2025-09-01 10:24:38 +0000  copying file ./Payload/Ilo.app/assets/assets/images/coupon.png ... 
2025-09-01 10:24:38 +0000  1780 bytes for ./Payload/Ilo.app/assets/assets/images/coupon.png
2025-09-01 10:24:38 +0000  copying file ./Payload/Ilo.app/assets/assets/images/ref.png ... 
2025-09-01 10:24:38 +0000  82063 bytes for ./Payload/Ilo.app/assets/assets/images/ref.png
2025-09-01 10:24:38 +0000  copying file ./Payload/Ilo.app/assets/assets/images/rating.png ... 
2025-09-01 10:24:38 +0000  43236 bytes for ./Payload/Ilo.app/assets/assets/images/rating.png
2025-09-01 10:24:38 +0000  copying file ./Payload/Ilo.app/assets/assets/images/back.png ... 
2025-09-01 10:24:38 +0000  5478667 bytes for ./Payload/Ilo.app/assets/assets/images/back.png
2025-09-01 10:24:38 +0000  copying file ./Payload/Ilo.app/assets/assets/images/marker.png ... 
2025-09-01 10:24:38 +0000  19110 bytes for ./Payload/Ilo.app/assets/assets/images/marker.png
2025-09-01 10:24:38 +0000  copying file ./Payload/Ilo.app/assets/assets/icons/info.png ... 
2025-09-01 10:24:38 +0000  1239 bytes for ./Payload/Ilo.app/assets/assets/icons/info.png
2025-09-01 10:24:38 +0000  copying file ./Payload/Ilo.app/assets/assets/icons/shopBag.png ... 
2025-09-01 10:24:38 +0000  1953 bytes for ./Payload/Ilo.app/assets/assets/icons/shopBag.png
2025-09-01 10:24:38 +0000  copying file ./Payload/Ilo.app/assets/assets/icons/wallet.png ... 
2025-09-01 10:24:38 +0000  1057 bytes for ./Payload/Ilo.app/assets/assets/icons/wallet.png
2025-09-01 10:24:38 +0000  copying file ./Payload/Ilo.app/assets/assets/icons/pen.png ... 
2025-09-01 10:24:38 +0000  2247 bytes for ./Payload/Ilo.app/assets/assets/icons/pen.png
2025-09-01 10:24:38 +0000  copying file ./Payload/Ilo.app/assets/assets/icons/lock.png ... 
2025-09-01 10:24:38 +0000  1795 bytes for ./Payload/Ilo.app/assets/assets/icons/lock.png
2025-09-01 10:24:38 +0000  copying file ./Payload/Ilo.app/assets/assets/icons/file.png ... 
2025-09-01 10:24:38 +0000  1390 bytes for ./Payload/Ilo.app/assets/assets/icons/file.png
2025-09-01 10:24:38 +0000  copying file ./Payload/Ilo.app/assets/assets/icons/hand.png ... 
2025-09-01 10:24:38 +0000  2418 bytes for ./Payload/Ilo.app/assets/assets/icons/hand.png
2025-09-01 10:24:38 +0000  copying file ./Payload/Ilo.app/assets/assets/icons/heart.png ... 
2025-09-01 10:24:38 +0000  2046 bytes for ./Payload/Ilo.app/assets/assets/icons/heart.png
2025-09-01 10:24:38 +0000  copying file ./Payload/Ilo.app/assets/assets/icons/sheild.png ... 
2025-09-01 10:24:38 +0000  1705 bytes for ./Payload/Ilo.app/assets/assets/icons/sheild.png
2025-09-01 10:24:38 +0000  copying file ./Payload/Ilo.app/assets/assets/icons/message.png ... 
2025-09-01 10:24:38 +0000  2520 bytes for ./Payload/Ilo.app/assets/assets/icons/message.png
2025-09-01 10:24:38 +0000  copying file ./Payload/Ilo.app/assets/assets/icons/marker.png ... 
2025-09-01 10:24:38 +0000  2618 bytes for ./Payload/Ilo.app/assets/assets/icons/marker.png
2025-09-01 10:24:38 +0000  copying file ./Payload/Ilo.app/assets/assets/gif/love_with_made.gif ... 
2025-09-01 10:24:38 +0000  90920 bytes for ./Payload/Ilo.app/assets/assets/gif/love_with_made.gif
2025-09-01 10:24:38 +0000  copying file ./Payload/Ilo.app/assets/assets/gif/no_cart.gif ... 
2025-09-01 10:24:38 +0000  182796 bytes for ./Payload/Ilo.app/assets/assets/gif/no_cart.gif
2025-09-01 10:24:38 +0000  copying file ./Payload/Ilo.app/Info.plist ... 
2025-09-01 10:24:38 +0000  5868 bytes for ./Payload/Ilo.app/Info.plist
copying file ./Payload/Ilo.app/RNCAsyncStorage_resources.bundle/PrivacyInfo.xcprivacy ... 
512 bytes for ./Payload/Ilo.app/RNCAsyncStorage_resources.bundle/PrivacyInfo.xcprivacy
copying file ./Payload/Ilo.app/RNCAsyncStorage_resources.bundle/Info.plist ... 
2025-09-01 10:24:38 +0000  800 bytes for ./Payload/Ilo.app/RNCAsyncStorage_resources.bundle/Info.plist
2025-09-01 10:24:38 +0000  copying file ./Payload/Ilo.app/PkgInfo ... 
2025-09-01 10:24:38 +0000  8 bytes for ./Payload/Ilo.app/PkgInfo
2025-09-01 10:24:38 +0000  copying file ./Payload/Ilo.app/MaterialIcons.ttf ... 
2025-09-01 10:24:38 +0000  230384 bytes for ./Payload/Ilo.app/MaterialIcons.ttf
2025-09-01 10:24:38 +0000  /usr/bin/ditto exited with 0
2025-09-01 10:24:38 +0000  Processing step: IDEDistributionAppStoreInformationStep
2025-09-01 10:24:38 +0000  Skipping step: IDEDistributionAppStoreInformationStep because it said so
2025-09-01 10:24:38 +0000  Processing step: IDEDistributionGenerateProcessedDistributionItems
2025-09-01 10:24:38 +0000  IDEDistributionItem init <DVTFilePath:0x60006380d180:'/var/folders/x9/dp7v3cfx17dbzl_tj532j2_c0000gn/T/XcodeDistPipeline.~~~BogpYd/Root/Payload/Ilo.app/Frameworks/OneSignalCore.framework'>
2025-09-01 10:24:38 +0000  IDEDistributionItem init <DVTFilePath:0x60006380fa30:'/var/folders/x9/dp7v3cfx17dbzl_tj532j2_c0000gn/T/XcodeDistPipeline.~~~BogpYd/Root/Payload/Ilo.app/Frameworks/Razorpay.framework'>
2025-09-01 10:24:38 +0000  IDEDistributionItem init <DVTFilePath:0x6000638fa450:'/var/folders/x9/dp7v3cfx17dbzl_tj532j2_c0000gn/T/XcodeDistPipeline.~~~BogpYd/Root/Payload/Ilo.app/Frameworks/OneSignal.framework'>
2025-09-01 10:24:38 +0000  IDEDistributionItem init <DVTFilePath:0x60008bf6cf00:'/var/folders/x9/dp7v3cfx17dbzl_tj532j2_c0000gn/T/XcodeDistPipeline.~~~BogpYd/Root/Payload/Ilo.app/PlugIns/OneSignalNotificationServiceExtension.appex'>
2025-09-01 10:24:38 +0000  IDEDistributionItem init <DVTFilePath:0x60006380e220:'/var/folders/x9/dp7v3cfx17dbzl_tj532j2_c0000gn/T/XcodeDistPipeline.~~~BogpYd/Root/Payload/Ilo.app/Frameworks/OneSignalOutcomes.framework'>
2025-09-01 10:24:38 +0000  IDEDistributionItem init <DVTFilePath:0x60006380e5a0:'/var/folders/x9/dp7v3cfx17dbzl_tj532j2_c0000gn/T/XcodeDistPipeline.~~~BogpYd/Root/Payload/Ilo.app/Frameworks/OneSignalExtension.framework'>
2025-09-01 10:24:38 +0000  IDEDistributionItem init <DVTFilePath:0x60006380d570:'/var/folders/x9/dp7v3cfx17dbzl_tj532j2_c0000gn/T/XcodeDistPipeline.~~~BogpYd/Root/Payload/Ilo.app/Frameworks/libswift_Concurrency.dylib'>
2025-09-01 10:24:38 +0000  [OPTIONAL] Can't have a profile, not a bundle at <DVTFilePath:0x60006380d570:'/var/folders/x9/dp7v3cfx17dbzl_tj532j2_c0000gn/T/XcodeDistPipeline.~~~BogpYd/Root/Payload/Ilo.app/Frameworks/libswift_Concurrency.dylib'>
2025-09-01 10:24:38 +0000  IDEDistributionItem init <DVTFilePath:0x600063630ea0:'/var/folders/x9/dp7v3cfx17dbzl_tj532j2_c0000gn/T/XcodeDistPipeline.~~~BogpYd/Root/Payload/Ilo.app'>
2025-09-01 10:24:38 +0000  Processing step: IDEDistributionCreateManifestStep
